Portfolio Code;Date;Security Name;ISIN;Quantity;Clean price (local);Exchange rate;Market Value in Base Currency;Accruals in Base Currency;Currency;Exposure (base);Product Code;Price Include;PriceFactor
SYN-EQUITY;23.05.2026;Cash EUR;CASH-EUR;1447643,66;1;1;1490110,86;;EUR;;;;1
SYN-EQUITY;23.05.2026;Prime Nova GmbH & Co KGaA;GB2370884099;43054;160,7656;1;5736226,9325185614;;GBP;;;;1
SYN-EQUITY;23.05.2026;Tech Global GmbH & Co KGaA;FI1175745392;3187;50,0002;1;159259,4776626526;;EUR;;;;1
SYN-EQUITY;23.05.2026;Orion Delta AG;NL7403959801;8843;270,8003;1;2368860,3830805430;;EUR;;;;1
SYN-EQUITY;23.05.2026;Global Delta Inc;AT4498251984;6617;256,2931;1;1661823,9600209086;;EUR;;;;1
SYN-EQUITY;23.05.2026;Tech Tech GmbH & Co KGaA;NL5750309884;37282;124,2314;1;4705151,4618342090;;EUR;;;;1
SYN-EQUITY;23.05.2026;Vector Beta PLC;FI8951691563;6691;378,8563;1;2471328,1586195473;;EUR;;;;1
SYN-EQUITY;23.05.2026;Corp Delta AG;CH6451235221;4517;34,1425;1;145068,7723004318;;CHF;;;;1
SYN-EQUITY;23.05.2026;Nova Nova PLC;GB2621954783;11709;331,1965;1;3368411,8559084339;;GBP;;;;1
SYN-EQUITY;23.05.2026;Alpha Tech PLC;LU7690438217;30418;95,8266;1;2979170,3345046416;;EUR;;;;1
SYN-EQUITY;23.05.2026;Global Nova AG;IE8509899817;2021;433,0019;1;876076,8184082991;;EUR;;;;1
SYN-EQUITY;23.05.2026;Apex Corp GmbH & Co KGaA;IT2744995714;48317;33,9492;1;1668587,3667315047;;EUR;;;;1
SYN-EQUITY;23.05.2026;Zeta Zeta AG;ES0558190153;8167;471,0901;1;3869734,4917654726;;EUR;;;;1
SYN-EQUITY;23.05.2026;Tech Corp PLC;US0653263214;15431;464,8641;1;7817147,1792461816;;USD;;;;1
SYN-EQUITY;23.05.2026;Zeta Orion SE;US9902298832;10012;273,8929;1;2991765,3960758992;;USD;;;;1
SYN-EQUITY;23.05.2026;Orion Orion Inc;DE6591828714;6771;360,2180;1;2423791,1624637092;;EUR;;;;1
SYN-EQUITY;23.05.2026;Apex Corp AG;AT5290680314;28128;223,7086;1;6422892,2423791969;;EUR;;;;1
SYN-EQUITY;23.05.2026;Orion Tech NV;FR9610354030;16453;108,9879;1;1751260,4401524072;;EUR;;;;1
SYN-EQUITY;23.05.2026;Nova Orion Inc;IE5897921716;10985;369,5994;1;4179210,6307989862;;EUR;;;;1
SYN-EQUITY;23.05.2026;Corp Orion SA;SE8271882844;556;436,3049;1;2704637,6185079035;;SEK;;;;1
SYN-EQUITY;23.05.2026;Beta Corp AG;IT3892639591;38149;134,3015;1;5010128,1258871416;;EUR;;;;1
SYN-EQUITY;23.05.2026;Delta Nova AG;US4736535270;6556;404,2229;1;2877088,6397560965;;USD;;;;1
SYN-EQUITY;23.05.2026;Orion Vector SA;CH9661956368;24947;213,1209;1;5179375,4334895648;;CHF;;;;1
SYN-EQUITY;23.05.2026;Orion Tech NV;US5483276343;5660;397,8990;1;2446303,8870842573;;USD;;;;1
SYN-EQUITY;23.05.2026;Nova Orion SE;GB6609238107;15023;385,4022;1;4874150,9073883053;;GBP;;;;1
SYN-EQUITY;23.05.2026;Prime Corp SE;BE7331688873;8586;479,1932;1;4195950,5445748502;;EUR;;;;1
SYN-EQUITY;23.05.2026;Global Vector Inc;BE9114553748;14711;453,8931;1;6706700,9402627824;;EUR;;;;1
SYN-EQUITY;23.05.2026;Tech Global SA;FI4782742473;35499;163,2562;1;5875916,1075669322;;EUR;;;;1
SYN-EQUITY;23.05.2026;Nova Prime AG;BE3124340839;37828;14,6683;1;540409,7783576263;;EUR;;;;1
SYN-EQUITY;23.05.2026;Orion Orion Inc;ES2388577844;22128;19,3673;1;430215,5635149016;;EUR;;;;1
SYN-EQUITY;23.05.2026;Beta Nova NV;IT7899595606;3395;233,5407;1;810588,6493253248;;EUR;;;;1
SYN-EQUITY;23.05.2026;Cash EUR;CASH-EUR;1753752,69;1;1;1758532,45;;EUR;;;;1
SYN-EQUITY;23.05.2026;Corp Alpha SA;PT3782005931;24814;327,6186;1;7994625,6307370504;;EUR;;;;1
SYN-EQUITY;23.05.2026;Beta Tech SE;LU0116526719;5466;360,5868;1;1917611,8093925163;;EUR;;;;1
SYN-EQUITY;23.05.2026;Zeta Corp NV;DE9593915824;4066;302,2037;1;1203466,4746216189;;EUR;;;;1
SYN-EQUITY;23.05.2026;Orion Beta SE;GB4353881967;34293;220,5661;1;6331311,0296464665;;GBP;;;;1
SYN-EQUITY;23.05.2026;Delta Corp PLC;IE9748532927;24937;235,0307;1;5952438,5692979973;;EUR;;;;1
SYN-EQUITY;23.05.2026;Apex Alpha GmbH & Co KGaA;LU3432258553;16109;361,4370;1;5970842,3487374969;;EUR;;;;1
SYN-EQUITY;23.05.2026;Delta Delta GmbH & Co KGaA;FI6470263548;9117;498,3326;1;4586292,5410432545;;EUR;;;;1
SYN-EQUITY;23.05.2026;Apex Zeta NV;FI2211157127;25010;296,8455;1;7525017,0636974955;;EUR;;;;1
SYN-EQUITY;23.05.2026;Corp Zeta NV;FR8233710022;3461;377,6321;1;1296261,8808979157;;EUR;;;;1
SYN-EQUITY;23.05.2026;Tech Alpha AG;FI4392810450;10056;406,5153;1;4175163,9465642530;;EUR;;;;1
SYN-EQUITY;23.05.2026;Tech Alpha GmbH & Co KGaA;GB7672544894;48602;34,8140;1;1428043,4280384067;;GBP;;;;1
SYN-EQUITY;23.05.2026;Tech Orion SA;BE2025146404;14977;352,9788;1;5221724,1304479791;;EUR;;;;1
SYN-EQUITY;23.05.2026;Zeta Vector Inc;PT2758112122;20259;87,1318;1;1811793,7635596769;;EUR;;;;1
SYN-EQUITY;23.05.2026;Tech Alpha GmbH & Co KGaA;US9443425456;947;303,8383;1;308415,2146369714;;USD;;;;1
SYN-EQUITY;23.05.2026;Nova Orion Inc;LU8507857157;38460;94,8371;1;3558597,7957309154;;EUR;;;;1
SYN-EQUITY;23.05.2026;Tech Delta NV;FI9443114466;15003;277,2978;1;4083472,9105682033;;EUR;;;;1
SYN-EQUITY;23.05.2026;Corp Alpha NV;ES1788084059;25003;314,5773;1;7746189,4802922755;;EUR;;;;1
SYN-EQUITY;23.05.2026;Prime Tech GmbH & Co KGaA;GB1284067730;7535;51,1386;1;325529,4454383055;;GBP;;;;1
SYN-EQUITY;23.05.2026;Global Tech NV;LU1927444413;28913;256,5792;1;7235334,1820875136;;EUR;;;;1
SYN-EQUITY;23.05.2026;Delta Delta SE;IE7495822597;31841;226,0410;1;7043017,9771457314;;EUR;;;;1
SYN-EQUITY;23.05.2026;Orion Orion SA;IE5431652707;12751;406,6474;1;5122089,3510827422;;EUR;;;;1
SYN-EQUITY;23.05.2026;Tech Prime Inc;FI9193180902;5158;329,1168;1;1706803,1570094696;;EUR;;;;1
SYN-EQUITY;23.05.2026;Alpha Orion GmbH & Co KGaA;AT3668883377;4584;22,7701;1;102096,7829730858;;EUR;;;;1
SYN-EQUITY;23.05.2026;Delta Delta PLC;PT2209771120;9713;399,0910;1;3984922,4788457076;;EUR;;;;1
SYN-EQUITY;23.05.2026;Prime Beta GmbH & Co KGaA;NL2461163649;16744;233,2692;1;3991325,6067977659;;EUR;;;;1
SYN-EQUITY;23.05.2026;Prime Tech SA;DE8425099294;25311;154,5502;1;3921978,1334144650;;EUR;;;;1
SYN-EQUITY;23.05.2026;Cash USD;CASH-USD;2916578,46;1;1;3156572,23;;USD;;;;1
SYN-EQUITY;23.05.2026;Zeta Delta SA;SE2962567067;571;451,9528;1;2875139,7715361710;;SEK;;;;1
SYN-GOVBOND;23.05.2026;Cash EUR;CASH-EUR;4682071,34;1;1;4723116,69;;EUR;;;;1
SYN-GOVBOND;23.05.2026;Synth Treasury 1.470% v30;DE8070726593;5000000;94,0903;1;4619998,6420576302;24296,4890118886;EUR;;;;0,01
SYN-GOVBOND;23.05.2026;Synth Government 6.479% v32;IT2178678568;200000;94,4126;1;190017,0708352635;2533,6298982574;EUR;;;;0,01
SYN-GOVBOND;23.05.2026;Cash USD;CASH-USD;1039716,73;1;1;1141291,87;;USD;;;;1
SYN-GOVBOND;23.05.2026;Synth Republic 1.630% v38;DE1936734790;100000;93,4131;1;93766,0408270906;1151,0776738377;EUR;;;;0,01
SYN-GOVBOND;23.05.2026;Synth Bundesanleihe 0.880% v38;DE0543229039;2000000;90,1194;1;1840876,5017474992;8821,3669595152;EUR;;;;0,01
SYN-GOVBOND;23.05.2026;Synth Government 1.230% v36;NL6388734433;1000000;104,3999;1;1047213,3231114666;4413,6658886990;EUR;;;;0,01
SYN-GOVBOND;23.05.2026;Synth Government 2.868% v41;DE7165853266;1000000;99,2085;1;980112,3838084515;13202,6827711966;EUR;;;;0,01
SYN-GOVBOND;23.05.2026;Synth Republic 6.305% v30;GB3413130487;100000;87,1231;1;73595,5687571999;148,8327252243;GBP;;;;0,01
SYN-GOVBOND;23.05.2026;Synth Government 4.507% v30;DE0819797060;2000000;102,7553;1;2044602,6215153888;31739,6409140485;EUR;;;;0,01
SYN-GOVBOND;23.05.2026;Synth Government 0.668% v37;ES0809954572;1000000;87,5702;1;881859,6244856922;10782,5402324031;EUR;;;;0,01
SYN-GOVBOND;23.05.2026;Synth Government 1.448% v41;DE1767575243;500000;86,9761;1;445895,4403736301;1340,2281101021;EUR;;;;0,01
SYN-GOVBOND;23.05.2026;Synth Treasury 3.591% v39;DE9256019688;200000;101,1740;1;198445,8599143936;3234,0196641527;EUR;;;;0,01
SYN-GOVBOND;23.05.2026;Synth Republic 5.021% v27;DE4652804454;5000000;99,0488;1;4930686,0538450936;92105,2237881743;EUR;;;;0,01
SYN-GOVBOND;23.05.2026;Synth Sovereign 3.520% v34;DE2044712324;1000000;104,1731;1;1017840,4963293228;2210,0922102400;EUR;;;;0,01
SYN-GOVBOND;23.05.2026;Synth Sovereign 6.097% v28;DE9132764744;2000000;88,7906;1;1799180,5226160572;15255,5730961716;EUR;;;;0,01
SYN-GOVBOND;23.05.2026;Synth Sovereign 2.867% v41;FI3212547117;500000;89,8375;1;449082,9037364025;7938,2677680910;EUR;;;;0,01
SYN-GOVBOND;23.05.2026;Synth Bundesanleihe 4.329% v37;DE7321682165;1000000;104,4404;1;1015328,0386143329;1827,4681726665;EUR;;;;0,01
SYN-GOVBOND;23.05.2026;Synth Bundesanleihe 2.729% v36;FR1364425950;1000000;94,5591;1;961488,6928212499;2768,2766727485;EUR;;;;0,01
SYN-GOVBOND;23.05.2026;Synth Government 4.654% v37;US6360719714;500000;101,0082;1;555371,6369267795;2003,4707254927;USD;;;;0,01
SYN-GOVBOND;23.05.2026;Synth Sovereign 6.357% v34;DE0556938215;5000000;103,2012;1;5177923,9198842105;19849,4191559809;EUR;;;;0,01
SYN-GOVBOND;23.05.2026;Synth Republic 1.123% v28;DE1693440083;500000;90,3890;1;448320,6796969459;5129,7954925536;EUR;;;;0,01
SYN-GOVBOND;23.05.2026;Cash GBP;CASH-GBP;4624917,60;1;1;3947864,63;;GBP;;;;1
SYN-GOVBOND;23.05.2026;Synth Sovereign 3.225% v38;DE5734091666;100000;91,9112;1;94530,4960963502;829,4007340204;EUR;;;;0,01
SYN-GOVBOND;23.05.2026;Synth Sovereign 6.152% v27;DE2876076934;200000;91,7007;1;179977,3534854964;2336,3018495322;EUR;;;;0,01
SYN-GOVBOND;23.05.2026;Synth Republic 1.924% v28;DE6086686149;5000000;103,9768;1;5208893,7585294554;17813,7743811442;EUR;;;;0,01
SYN-GOVBOND;23.05.2026;Cash USD;CASH-USD;1997618,02;1;1;2170041,41;;USD;;;;1
SYN-GOVBOND;23.05.2026;Synth Republic 3.169% v34;ES0145217294;100000;89,3619;1;90970,3187174211;1144,9052097574;EUR;;;;0,01
SYN-GOVBOND;23.05.2026;Synth Sovereign 5.685% v41;DE6090217550;5000000;96,9147;1;4950361,8595569460;15989,5155135725;EUR;;;;0,01
SYN-GOVBOND;23.05.2026;Synth Treasury 3.922% v27;DE9327477727;500000;91,7763;1;463064,5126476779;6561,6768576460;EUR;;;;0,01
SYN-GOVBOND;23.05.2026;Synth Republic 5.028% v29;DE3986872453;500000;94,1793;1;465229,0396996933;5913,4678608393;EUR;;;;0,01
SYN-GOVBOND;23.05.2026;Synth Republic 3.215% v31;AT9574403690;200000;90,6088;1;178298,9280866539;3368,0423692811;EUR;;;;0,01
SYN-GOVBOND;23.05.2026;Synth Treasury 6.406% v32;DE7403553592;2000000;94,6139;1;1894441,8246461770;35551,6593609755;EUR;;;;0,01
SYN-GOVBOND;23.05.2026;Synth Treasury 2.172% v34;DE6278018769;100000;95,8465;1;95937,9323448071;794,0701612999;EUR;;;;0,01
SYN-GOVBOND;23.05.2026;Synth Bundesanleihe 4.661% v28;DE0739696607;200000;100,5446;1;201202,6843866043;1322,0411390789;EUR;;;;0,01
SYN-FIXEDINC;23.05.2026;Cash USD;CASH-USD;1245654,05;1;1;1345690,22;;USD;;;;1
SYN-FIXEDINC;23.05.2026;Synth Treasury 6.326% v35;GB9988580760;5000000;85,8373;1;3557356,7185098422;57335,4013526702;GBP;;;;0,01
SYN-FIXEDINC;23.05.2026;Synth Sovereign 5.006% v41;GB9484562798;100000;86,6896;1;75577,7509505376;1250,7080651599;GBP;;;;0,01
SYN-FIXEDINC;23.05.2026;Cash EUR;CASH-EUR;720780,36;1;1;703206,50;;EUR;;;;1
SYN-FIXEDINC;23.05.2026;Synth Bundesanleihe 2.892% v33;DE5180621269;200000;96,3754;1;191050,3234710835;1859,1096474809;EUR;;;;0,01
SYN-FIXEDINC;23.05.2026;Synth HIGH YIELD Pfandbrief 5.935% v28;US2939524748;500000;100,6438;1;549401,4240872035;4573,7122670247;USD;;;;0,01
SYN-FIXEDINC;23.05.2026;Synth Note 4.035% v40;BE4520335703;2000000;91,0921;1;1867294,3763436023;24927,3914152444;EUR;;;;0,01
SYN-FIXEDINC;23.05.2026;Synth Treasury 1.502% v30;US8893749360;200000;97,6332;1;213397,1449100410;3083,3969357543;USD;;;;0,01
SYN-FIXEDINC;23.05.2026;Synth Republic 5.050% v35;IT6348030240;200000;91,0989;1;182434,4625499205;3057,6045791411;EUR;;;;0,01
SYN-FIXEDINC;23.05.2026;Synth Government 2.650% v32;NL1505137413;200000;90,3068;1;175951,0989752838;2299,3755078835;EUR;;;;0,01
SYN-FIXEDINC;23.05.2026;Synth Treasury 0.922% v31;GB9128929977;200000;87,4644;1;145046,0532144246;1962,6385829388;GBP;;;;0,01
SYN-FIXEDINC;23.05.2026;Synth Senior Note 5.493% v33;AT3982177010;2000000;89,4473;1;1747458,2586599691;7476,5469660973;EUR;;;;0,01
SYN-FIXEDINC;23.05.2026;Synth Treasury 2.586% v41;US2566930281;5000000;97,3339;1;5142408,9640379474;68951,4562115095;USD;;;;0,01
SYN-FIXEDINC;23.05.2026;Synth Government 5.998% v33;GB9602545039;100000;87,3692;1;72784,4559544834;1547,0938163749;GBP;;;;0,01
SYN-FIXEDINC;23.05.2026;Synth Treasury 2.045% v39;US6970357310;1000000;102,3763;1;1121155,4139344748;2882,4906638147;USD;;;;0,01
SYN-FIXEDINC;23.05.2026;Synth Pfandbrief 5.231% v39;GB0171451824;5000000;100,9238;1;4283695,2620450892;84086,4095843905;GBP;;;;0,01
SYN-FIXEDINC;23.05.2026;Synth Treasury 4.264% v34;ES8955748039;1000000;91,2561;1;899063,0419476929;10289,7749264127;EUR;;;;0,01
SYN-FIXEDINC;23.05.2026;Cash EUR;CASH-EUR;1036720,49;1;1;1023107,46;;EUR;;;;1
SYN-FIXEDINC;23.05.2026;Synth Republic 3.643% v37;DE0490903583;100000;89,4149;1;89023,9654718984;746,8860391284;EUR;;;;0,01
SYN-FIXEDINC;23.05.2026;Synth HY Covered Bond 0.512% v35;FI1164698779;5000000;102,5313;1;5069220,9716584906;9272,8653283146;EUR;;;;0,01
SYN-FIXEDINC;23.05.2026;Cash USD;CASH-USD;3700561,81;1;1;4112210,04;;USD;;;;1
SYN-FIXEDINC;23.05.2026;Cash GBP;CASH-GBP;140244,48;1;1;118629,33;;GBP;;;;1
SYN-FIXEDINC;23.05.2026;Synth Government 4.372% v40;FR4725620289;100000;89,8027;1;88215,6309750371;1629,5247852503;EUR;;;;0,01
SYN-FIXEDINC;23.05.2026;Synth Treasury 2.185% v40;FR6537937837;2000000;92,7124;1;1842765,3334789914;28443,7343744596;EUR;;;;0,01
SYN-FIXEDINC;23.05.2026;Synth Note 2.087% v39;ES4550779151;1000000;103,5863;1;1016369,1880980948;10984,6409690101;EUR;;;;0,01
SYN-FIXEDINC;23.05.2026;Synth Republic 5.705% v30;DE9665702746;5000000;99,0218;1;5081725,4415737465;12020,6100083526;EUR;;;;0,01
SYN-FIXEDINC;23.05.2026;Synth Treasury 5.016% v34;AT0754882820;500000;94,8449;1;467675,6444140036;9337,2494039661;EUR;;;;0,01
SYN-FIXEDINC;23.05.2026;Synth Government 3.123% v30;IT6957854451;500000;100,4269;1;512523,5410926274;6033,7942905555;EUR;;;;0,01
SYN-FIXEDINC;23.05.2026;Synth Sovereign 1.107% v36;US4195367764;500000;97,0378;1;514719,5189320645;388,1244844165;USD;;;;0,01
SYN-FIXEDINC;23.05.2026;Synth Sovereign 6.019% v29;US3315142869;100000;99,2588;1;111166,0671510326;1199,6400351910;USD;;;;0,01
SYN-FIXEDINC;23.05.2026;Synth Republic 4.312% v28;IT2303284462;100000;104,7465;1;103792,3202838531;1446,5259207822;EUR;;;;0,01
SYN-FIXEDINC;23.05.2026;Synth Treasury 5.790% v29;DE7982089033;5000000;89,6122;1;4409193,8274212843;45988,5987574550;EUR;;;;0,01
SYN-FIXEDINC;23.05.2026;Synth Republic 1.183% v34;US6101984523;500000;92,2329;1;505738,2306034379;3559,6916094997;USD;;;;0,01
SYN-FIXEDINC;23.05.2026;Synth Treasury 0.955% v33;FR2483888990;1000000;88,4545;1;903688,9586005848;2403,6557462436;EUR;;;;0,01
SYN-FIXEDINC;23.05.2026;Synth Sovereign 5.874% v37;FR8074287276;200000;104,8325;1;211595,3352791798;3483,7449420000;EUR;;;;0,01
SYN-FIXEDINC;23.05.2026;Synth Republic 2.421% v34;FR4521833160;5000000;103,4296;1;5100046,6102268072;86836,8943263000;EUR;;;;0,01
SYN-FIXEDINC;23.05.2026;Synth Sovereign 4.789% v34;FI1787916282;2000000;104,8892;1;2147592,5774702467;27812,5193423478;EUR;;;;0,01
SYN-FIXEDINC;23.05.2026;Synth Sovereign 4.609% v29;NL5555509902;1000000;89,2401;1;891762,0144420527;1709,8190525073;EUR;;;;0,01
SYN-FIXEDINC;23.05.2026;Synth HY Senior Note 5.289% v33;DE8631393494;5000000;89,8169;1;4494232,4110255213;57713,0969429202;EUR;;;;0,01
SYN-FIXEDINC;23.05.2026;Synth HIGH YIELD Covered Bond 2.508% v28;NL8806097986;1000000;97,8237;1;972032,2154641355;1906,4444996038;EUR;;;;0,01
SYN-FIXEDINC;23.05.2026;Synth Republic 2.122% v41;IT2662691377;2000000;86,1382;1;1728691,6030702048;1694,7515412711;EUR;;;;0,01
SYN-FIXEDINC;23.05.2026;Synth Sovereign 0.905% v34;US4235010391;100000;91,0783;1;101410,5196976709;1086,8902811604;USD;;;;0,01
SYN-FIXEDINC;23.05.2026;Synth Bond 5.695% v39;DE3928642508;2000000;96,5530;1;1977617,4330744206;39261,1143664282;EUR;;;;0,01
SYN-FIXEDINC;23.05.2026;Synth Covered Bond 1.898% v30;ES4797332310;500000;101,1709;1;520763,5303198725;7772,5946343183;EUR;;;;0,01
SYN-FIXEDINC;23.05.2026;Synth Bond 6.183% v28;FR2492010786;200000;102,1039;1;203450,8696382556;151,1607072606;EUR;;;;0,01
SYN-FIXEDINC;23.05.2026;Synth HY Covered Bond 1.479% v35;NL3376527326;500000;89,5435;1;442669,9889632190;2751,1365554002;EUR;;;;0,01
SYN-FIXEDINC;23.05.2026;Synth Republic 2.284% v32;DE4496383445;2000000;88,6800;1;1722197,2938602041;17175,3005943824;EUR;;;;0,01
SYN-FIXEDINC;23.05.2026;Synth Sovereign 4.862% v34;ES6656587652;5000000;92,7930;1;4759228,3460124005;96794,5986701866;EUR;;;;0,01
SYN-FIXEDINC;23.05.2026;Synth Bundesanleihe 3.422% v30;NL6409733139;2000000;86,4882;1;1733556,1166420702;9327,4153667887;EUR;;;;0,01
SYN-FIXEDINC;23.05.2026;Synth Republic 2.165% v33;FR3817755449;500000;103,3840;1;513009,4986701682;6619,9195516471;EUR;;;;0,01
SYN-FIXEDINC;23.05.2026;Synth Bundesanleihe 1.229% v34;IT6058834592;5000000;92,0918;1;4478193,8066868382;50312,6635918998;EUR;;;;0,01
SYN-FIXEDINC;23.05.2026;Synth Bond 5.450% v38;DE7894613557;2000000;102,2382;1;2099083,0289380183;19824,7183678632;EUR;;;;0,01
SYN-FIXEDINC;23.05.2026;Synth MTN 3.937% v29;ES8809632651;200000;85,9076;1;171460,8970836891;24,5554797238;EUR;;;;0,01
SYN-FIXEDINC;23.05.2026;Synth Republic 0.949% v32;FI8478028387;2000000;89,8494;1;1809793,9303512140;8998,3936429274;EUR;;;;0,01
SYN-FIXEDINC;23.05.2026;Synth HIGH YIELD Senior Note 4.889% v29;GB6342326854;1000000;103,0480;1;885946,8087693943;7810,5799719875;GBP;;;;0,01
SYN-FIXEDINC;23.05.2026;Cash GBP;CASH-GBP;2991470,08;1;1;2512606,01;;GBP;;;;1
SYN-FIXEDINC;23.05.2026;Synth Bond 3.361% v28;FR6717798856;200000;88,2203;1;180679,2394808433;2372,9350174121;EUR;;;;0,01
SYN-FIXEDINC;23.05.2026;Synth Note 6.329% v28;GB8116283371;1000000;87,2618;1;719746,8536911730;9504,5462808619;GBP;;;;0,01
SYN-FIXEDINC;23.05.2026;Synth Government 1.824% v38;IT5065691732;100000;95,1649;1;94805,0163692876;972,6453783576;EUR;;;;0,01
SYN-FIXEDINC;23.05.2026;Synth Note 4.601% v41;BE6027932015;100000;94,8650;1;95053,2806768400;1815,6085118450;EUR;;;;0,01
SYN-FIXEDINC;23.05.2026;Synth Note 3.015% v29;BE7450802174;1000000;101,4012;1;1009980,0491423772;16462,2584663163;EUR;;;;0,01
SYN-FIXEDINC;23.05.2026;Synth Treasury 1.164% v38;NL4188775740;200000;103,4991;1;205208,8554805751;473,0268971131;EUR;;;;0,01
SYN-FIXEDINC;23.05.2026;Synth HY Covered Bond 3.686% v32;US3933038192;5000000;90,8320;1;4812656,8928695470;2579,5613221231;USD;;;;0,01
SYN-FIXEDINC;23.05.2026;Synth HY MTN 1.310% v35;AT0855887184;200000;86,7692;1;174506,7931421256;2815,7954191023;EUR;;;;0,01
SYN-FIXEDINC;23.05.2026;Synth HIGH YIELD Covered Bond 5.693% v40;FR8162564971;200000;103,6174;1;211296,6751372695;1580,7267696233;EUR;;;;0,01
SYN-FIXEDINC;23.05.2026;Synth Senior Note 4.478% v38;DE2818303607;5000000;94,7936;1;4823975,2149950117;92155,0359465938;EUR;;;;0,01
SYN-FIXEDINC;23.05.2026;Synth Sovereign 4.616% v36;AT4723159183;100000;98,3790;1;95808,8578219927;712,7785716438;EUR;;;;0,01
SYN-FIXEDINC;23.05.2026;Synth MTN 4.227% v31;BE2141920033;2000000;100,0458;1;1958649,9348259673;26849,6354667609;EUR;;;;0,01
SYN-FIXEDINC;23.05.2026;Synth Bundesanleihe 4.918% v32;FR3042591564;2000000;95,9094;1;1896257,0133215711;26956,0326758015;EUR;;;;0,01
SYN-MIXED;23.05.2026;Cash EUR;CASH-EUR;1798455,15;1;1;1802207,10;;EUR;;;;1
SYN-MIXED;23.05.2026;Synth Senior Note 2.229% v28;DE9357138356;5000000;85,5930;1;4383711,9618535973;49937,7537054425;EUR;;;;0,01
SYN-MIXED;23.05.2026;Synth Covered Bond 4.432% v38;DE9925658325;500000;92,6978;1;468316,5782723112;998,5124167174;EUR;;;;0,01
SYN-MIXED;23.05.2026;Synth Note 5.800% v40;DE6233239011;200000;102,8498;1;202280,2619497875;1520,4716840104;EUR;;;;0,01
SYN-MIXED;23.05.2026;FX FWD USD/EUR SYN 0926;FWD-USDEUR/SYN0926;10000000;1,0000;1;18707,95;;USD;8932429,85;7;;1
SYN-MIXED;23.05.2026;FUTURE Synth Index 2703;FTFES/SYN0626_SYN_EUR;42;22220;1;0;;EUR;933231,21;8;;25
SYN-MIXED;23.05.2026;Tech Zeta NV;LU3503108256;164267;476,3782;1;80012442,3574703783;;EUR;;;;1
SYN-MIXED;23.05.2026;FX FWD CHF/EUR SYN 0626;FWD-CHFEUR/SYN0626;5000000;1,0000;1;18436,70;;CHF;5095524,32;7;;1
SYN-MIXED;23.05.2026;TRS Synth Equity Index SYN 1226;TRS-SYN1226;2000000;1,0000;1;-2124,01;;EUR;2000000,00;6;;1
SYN-MIXED;23.05.2026;Synth Republic 5.914% v41;BE4911213498;2000000;89,5694;1;1758393,8847021093;23999,0458352414;EUR;;;;0,01
SYN-MIXED;23.05.2026;FX FWD GBP/EUR SYN 0626;FWD-GBPEUR/SYN0626;1000000;1,0000;1;-3799,54;;GBP;1171461,77;7;;1
SYN-MIXED;23.05.2026;Synth Senior Note 3.065% v30;DE6585568924;200000;93,3810;1;187253,2339089350;1014,2070906075;EUR;;;;0,01
SYN-MIXED;23.05.2026;Beta Delta SE;SE1782085245;148778;328,5947;1;557376587,7038633823;;SEK;1191465893,60;;;1
SYN-MIXED;23.05.2026;Synth Pfandbrief 2.391% v28;FR5803958866;100000;101,9026;1;104931,7789348120;874,7972702166;EUR;;;;0,01
SYN-MIXED;23.05.2026;Synth HY Note 3.917% v29;GB0020073941;1000000;101,3218;1;837124,2863554033;4395,8454112988;GBP;;;;0,01
SYN-MIXED;23.05.2026;Synth HY MTN 0.567% v41;BE0010004616;100000;102,7637;1;103162,9700342047;430,1370930863;EUR;;;;0,01
SYN-MIXED;23.05.2026;Synth Bond 5.423% v40;DE9251109831;100000;96,1955;1;96772,4706078842;1808,0074568778;EUR;;;;0,01
SYN-MIXED;23.05.2026;FX FWD CHF/EUR SYN 0626;FWD-CHFEUR/SYN0626;10000000;1,0000;1;28858,38;;CHF;10594555,86;7;;1
SYN-MIXED;23.05.2026;Synth Treasury 3.784% v27;DE3322594670;2000000;103,5752;1;2014524,7574836351;22176,5821517683;EUR;;;;0,01
SYN-MIXED;23.05.2026;FUTURE Synth Index 2509;FTFES/SYN1226_SYN_EUR;35;7606;1;0;;EUR;266202,95;8;;25
SYN-MIXED;23.05.2026;FUTURE Synth Index 2512;FTFDAX/SYN1226_SYN_EUR;22;4671;1;0;;EUR;102754,43;8;;25
SYN-MIXED;23.05.2026;Synth Treasury 0.515% v28;DE4194729295;1000000;93,8140;1;923027,7284999229;15622,0410975042;EUR;;;;0,01
SYN-MIXED;23.05.2026;Delta Beta GmbH & Co KGaA;DE1842571893;138665;296,4536;1;42265076,1059445292;;EUR;;;;1
SYN-MIXED;23.05.2026;FX FWD GBP/EUR SYN 0626;FWD-GBPEUR/SYN0626;10000000;1,0000;1;10464,25;;GBP;11447329,76;7;;1
SYN-MIXED;23.05.2026;Corp Prime NV;ES4585681709;87806;363,1467;1;31431243,8979679719;;EUR;56142011,16;;;1
SYN-MIXED;23.05.2026;Synth Covered Bond 1.210% v33;DE9223283982;1000000;88,6083;1;904427,6323737713;3979,2823238889;EUR;;;;0,01
SYN-MIXED;23.05.2026;Beta Corp Inc;DE9850784942;40538;293,5388;1;11975100,4236883931;;EUR;;;;1
SYN-MIXED;23.05.2026;Synth Pfandbrief 2.578% v40;GB9147203025;200000;100,8797;1;170585,8041265525;1278,0248762249;GBP;;;;0,01
SYN-MIXED;23.05.2026;Synth Government 2.284% v27;IT6211938520;1000000;93,3020;1;925800,0492035041;5423,4206235654;EUR;;;;0,01
SYN-MIXED;23.05.2026;Synth Republic 5.965% v36;FR1556178007;500000;97,2402;1;477039,2426092261;7472,8475496401;EUR;;;;0,01
SYN-MIXED;23.05.2026;FUTURE Synth Index 2709;FTFDAX/SYN0626_SYN_EUR;2;14654;1;0;;EUR;29307,34;8;;25
SYN-MIXED;23.05.2026;Synth HY Pfandbrief 5.343% v31;DE5581079345;500000;92,8061;1;453931,0664704267;2345,4339908589;EUR;;;;0,01
SYN-MIXED;23.05.2026;TRS Synth Equity Index SYN 0626;TRS-SYN0626;2000000;1,0000;1;2969,10;;EUR;2000000,00;6;;1
SYN-MIXED;23.05.2026;Synth MTN 2.549% v31;DE8188148378;5000000;91,2543;1;4508564,4164102795;84565,2875434326;EUR;;;;0,01
SYN-MIXED;23.05.2026;Synth HIGH YIELD Covered Bond 3.471% v28;BE0726671728;1000000;101,8399;1;1000041,8394442815;407,1166096777;EUR;;;;0,01
SYN-MIXED;23.05.2026;Corp Nova SE;DE5738297939;91863;424,9381;1;38509547,5414130017;;EUR;;;;1
SYN-MIXED;23.05.2026;FUTURE Synth Index 2506;FTFES/SYN0626_SYN_EUR;13;15971;1;0;;EUR;207624,74;8;;25
SYN-MIXED;23.05.2026;Cash EUR;CASH-EUR;3738579,12;1;1;3741989,81;;EUR;;;;1
SYN-MIXED;23.05.2026;FX FWD GBP/EUR SYN 0926;FWD-GBPEUR/SYN0926;2000000;1,0000;1;-0,26;;GBP;2350610,97;7;;1
SYN-MIXED;23.05.2026;FX FWD CHF/EUR SYN 0626;FWD-CHFEUR/SYN0626;5000000;1,0000;1;15825,42;;CHF;5321716,60;7;;1
SYN-MIXED;23.05.2026;Beta Orion SE;DE8418329273;118128;465,1708;1;55219845,3660823256;;EUR;;;;1
SYN-MIXED;23.05.2026;Synth Bundesanleihe 1.292% v39;ES3101235968;5000000;98,0958;1;4765864,9292768994;33321,9597828143;EUR;;;;0,01
SYN-MIXED;23.05.2026;Synth Republic 0.932% v33;GB0371848134;1000000;94,4972;1;800707,0177470883;1545,0642998519;GBP;;;;0,01
SYN-MIXED;23.05.2026;FX FWD GBP/EUR SYN 0926;FWD-GBPEUR/SYN0926;10000000;1,0000;1;21997,65;;GBP;11492215,19;7;;1
SYN-MIXED;23.05.2026;Synth Treasury 6.443% v37;BE2192185626;5000000;102,8937;1;5257726,3841063557;25883,4067500881;EUR;;;;0,01
SYN-MIXED;23.05.2026;Vector Orion NV;DE2640796257;181819;169,7036;1;31205809,0665353350;;EUR;;;;1
SYN-MIXED;23.05.2026;Synth Treasury 3.078% v31;DE4491118494;100000;93,6295;1;93098,7300730727;827,0964357354;EUR;;;;0,01
SYN-MIXED;23.05.2026;Synth HIGH YIELD Pfandbrief 1.683% v37;ES1164021161;500000;102,0930;1;525335,8848177205;5566,5948607806;EUR;;;;0,01
SYN-MIXED;23.05.2026;Synth Government 1.396% v33;DE7388290746;100000;88,3474;1;89801,7203240680;1333,1210710426;EUR;;;;0,01
SYN-MIXED;23.05.2026;Apex Prime Inc;DE8966686072;53085;370,1515;1;19923558,6978382058;;EUR;;;;1
SYN-ILLIQ;23.05.2026;Cash EUR;CASH-EUR;225435,10;1;1;225435,10;;EUR;;;;1
SYN-ILLIQ;23.05.2026;Synth Note 0.888% v34;BE9100299846;500000;104,2879;1;530333,5639440317;552,1125118899;EUR;;;;0,01
SYN-ILLIQ;23.05.2026;Synth HIGH YIELD Covered Bond 6.291% v35;NL1236516104;200000;85,1161;1;167144,9430591381;544,8014198501;EUR;;;;0,01
SYN-ILLIQ;23.05.2026;Synth HY Covered Bond 3.863% v33;IT1034849230;5000000;93,0781;1;4532208,1595538976;84255,2559917988;EUR;;;;0,01
SYN-ILLIQ;23.05.2026;Synth HY Senior Note 0.556% v27;US0074971623;5000000;86,6754;1;4632504,1661837567;42966,7283573597;USD;;;;0,01
SYN-ILLIQ;23.05.2026;Synth HIGH YIELD Pfandbrief 2.954% v31;US2114254420;500000;88,6067;1;482454,1957145061;5829,8572304563;USD;;;;0,01
SYN-ILLIQ;23.05.2026;Synth HIGH YIELD Bond 3.407% v37;US2648059950;1000000;97,4577;1;1089992,2255951285;4681,0426313616;USD;;;;0,01
SYN-ILLIQ;23.05.2026;Synth HIGH YIELD Bond 0.932% v38;AT0209317824;5000000;91,7155;1;4696710,5530869942;57225,2500633721;EUR;;;;0,01
SYN-ILLIQ;23.05.2026;Synth HIGH YIELD Pfandbrief 1.855% v29;US7843076342;100000;103,2955;1;110442,4599938501;1127,4757987889;USD;;;;0,01
SYN-ILLIQ;23.05.2026;Synth HIGH YIELD Note 2.789% v37;US1515117858;500000;90,9219;1;480610,4789255378;9740,8898681366;USD;;;;0,01
SYN-ILLIQ;23.05.2026;Synth HIGH YIELD Bond 3.255% v37;GB5726553341;2000000;91,2047;1;1592725,1408657320;3689,9082795247;GBP;;;;0,01
SYN-ILLIQ;23.05.2026;Synth HY Senior Note 4.269% v31;US4381388465;5000000;102,7658;1;5531544,8554103263;63813,9040169400;USD;;;;0,01
SYN-ILLIQ;23.05.2026;Synth HIGH YIELD Senior Note 3.532% v31;US7526852835;1000000;99,8972;1;1080572,3874236457;3036,8935135713;USD;;;;0,01
SYN-ILLIQ;23.05.2026;Synth HY Covered Bond 2.592% v36;US6586763704;200000;86,7163;1;184570,3481415431;2689,7272578605;USD;;;;0,01
SYN-ILLIQ;23.05.2026;Synth HY Senior Note 4.206% v31;US7843853949;500000;100,0032;1;537334,4692218050;1327,8735867231;USD;;;;0,01
SYN-ILLIQ;23.05.2026;Synth HY Senior Note 1.360% v27;AT3750406405;100000;85,7512;1;83987,5723742898;1252,0907509712;EUR;;;;0,01
SYN-ILLIQ;23.05.2026;Synth HY MTN 4.154% v31;US9887840817;2000000;86,7548;1;1932836,7603895979;3851,8682020908;USD;;;;0,01
SYN-ILLIQ;23.05.2026;Synth HY MTN 1.569% v34;US3790731307;500000;98,9358;1;522329,4038866366;10232,2036902467;USD;;;;0,01
SYN-ILLIQ;23.05.2026;Synth HY Covered Bond 1.592% v29;US9373271954;200000;94,5846;1;199743,5354435930;355,0153802495;USD;;;;0,01
SYN-ILLIQ;23.05.2026;Synth Pfandbrief 3.660% v40;US1766019877;5000000;97,0083;1;5176685,2397711352;40772,1871269899;USD;;;;0,01
SYN-ILLIQ;23.05.2026;Synth HIGH YIELD Pfandbrief 1.820% v41;BE0587782311;1000000;91,3592;1;916834,1998133949;10117,3475722712;EUR;;;;0,01
SYN-ILLIQ;23.05.2026;Synth HY Pfandbrief 2.158% v32;US0060484592;1000000;97,9755;1;1061692,8605944891;17849,6296474050;USD;;;;0,01
SYN-ILLIQ;23.05.2026;Synth HY Note 3.149% v29;US4961399805;500000;94,7550;1;529982,5974419244;4725,1357837133;USD;;;;0,01
SYN-ILLIQ;23.05.2026;Synth Covered Bond 5.659% v31;US3186855724;500000;86,8093;1;485941,2127319900;4576,4144671505;USD;;;;0,01
SYN-ILLIQ;23.05.2026;Synth HY Senior Note 4.491% v27;US7578018443;500000;104,7103;1;583100,0738645393;3886,0298464300;USD;;;;0,01
SYN-ILLIQ;23.05.2026;Synth HIGH YIELD Covered Bond 5.669% v30;NL0011417131;2000000;100,2783;1;1950710,9092955531;12733,6750470925;EUR;;;;0,01
SYN-ILLIQ;23.05.2026;Synth HY Pfandbrief 5.806% v29;US1759237120;100000;99,6645;1;107247,2578862224;2109,9899384541;USD;;;;0,01
SYN-ILLIQ;23.05.2026;Synth HY Senior Note 5.461% v33;US1608715506;100000;88,9284;1;96284,1957683791;1380,0095805489;USD;;;;0,01
SYN-ILLIQ;23.05.2026;Synth Senior Note 4.084% v36;US5509813090;2000000;90,4975;1;1940272,3621146118;16379,1918630076;USD;;;;0,01
SYN-ILLIQ;23.05.2026;Synth HY Note 6.375% v29;GB0972288884;500000;86,9835;1;363551,1719642965;5067,8727359054;GBP;;;;0,01
SYN-ILLIQ;23.05.2026;Synth HY Covered Bond 1.141% v34;BE7874721967;500000;102,7859;1;515338,6403383241;5560,9988203955;EUR;;;;0,01
SYN-ILLIQ;23.05.2026;Synth HIGH YIELD Bond 5.356% v31;US7086215006;5000000;94,3801;1;5138614,4565813011;76151,9186134990;USD;;;;0,01
SYN-ILLIQ;23.05.2026;Synth HY Note 1.463% v28;US2501947478;2000000;90,7193;1;1932104,6199161946;34119,8706658275;USD;;;;0,01
SYN-ILLIQ;23.05.2026;Synth HY Covered Bond 4.358% v33;US0915997261;100000;102,9886;1;109059,6889110580;1459,1303970368;USD;;;;0,01
SYN-ILLIQ;23.05.2026;Synth Senior Note 2.898% v27;GB7118516531;1000000;94,1554;1;790506,5293781771;5175,3350839631;GBP;;;;0,01
SYN-ILLIQ;23.05.2026;Synth Covered Bond 5.193% v32;BE9957327095;100000;85,9407;1;87228,0405279640;1472,1307815540;EUR;;;;0,01
SYN-ILLIQ;23.05.2026;Synth HY Note 1.055% v38;US0923516179;500000;99,7738;1;557516,8995539574;1549,2098510346;USD;;;;0,01
SYN-ILLIQ;23.05.2026;Synth HIGH YIELD Note 2.782% v27;NL7077657559;100000;98,5749;1;96370,7925751904;1314,6094148097;EUR;;;;0,01
SYN-ILLIQ;23.05.2026;Synth HIGH YIELD Pfandbrief 3.488% v28;AT6955479476;5000000;95,8579;1;4879543,4498619763;69189,2101171305;EUR;;;;0,01
SYN-ILLIQ;23.05.2026;Synth HIGH YIELD Note 6.328% v27;BE7768037708;5000000;94,3302;1;4671966,1663252562;77879,7112426208;EUR;;;;0,01
SYN-ILLIQ;23.05.2026;Synth HIGH YIELD Note 1.499% v29;US2503871198;5000000;85,1994;1;4595791,7757364297;96535,6257635200;USD;;;;0,01
SYN-ILLIQ;23.05.2026;Synth HIGH YIELD Covered Bond 4.811% v35;ES6882855028;500000;87,3333;1;433305,7642916288;8457,5775574980;EUR;;;;0,01
SYN-ILLIQ;23.05.2026;Synth HY Bond 3.712% v41;US5972411053;5000000;99,2508;1;5351015,2598407110;10447,8170606850;USD;;;;0,01
SYN-ILLIQ;23.05.2026;Synth HY MTN 0.673% v30;DE7716210796;5000000;102,6623;1;4995965,1081416076;69959,0513309706;EUR;;;;0,01
SYN-ILLIQ;23.05.2026;Synth Bond 5.399% v37;FR6895730714;100000;93,5937;1;92790,0460371769;277,2469204959;EUR;;;;0,01
SYN-ILLIQ;23.05.2026;Synth HY Note 4.201% v30;US0862110603;200000;101,1554;1;225424,9606175013;3623,5018320782;USD;;;;0,01
SYN-ILLIQ;23.05.2026;Synth HIGH YIELD Senior Note 2.615% v28;ES1512670509;100000;103,3044;1;104072,4023979830;183,9624787250;EUR;;;;0,01
SYN-ILLIQ;23.05.2026;Synth HIGH YIELD Pfandbrief 3.495% v38;US6697407775;5000000;86,6193;1;4653283,1899643512;88105,8748319348;USD;;;;0,01
SYN-ILLIQ;23.05.2026;Synth HY Note 2.276% v34;BE0315658862;100000;95,4220;1;94773,8753751732;346,2284728303;EUR;;;;0,01
SYN-ILLIQ;23.05.2026;Synth HIGH YIELD Senior Note 0.611% v40;US0824035976;200000;91,3597;1;196478,6788042565;4114,9463770029;USD;;;;0,01
SYN-ILLIQ;23.05.2026;Synth HY MTN 4.024% v38;NL0988191214;2000000;92,6836;1;1833049,5136763433;15091,4531574757;EUR;;;;0,01
SYN-ILLIQ;23.05.2026;Synth HIGH YIELD Bond 4.786% v33;US0946652598;1000000;87,0583;1;973272,9830230500;15830,4680939644;USD;;;;0,01
SYN-ILLIQ;23.05.2026;Synth HY MTN 5.886% v36;AT6874668566;100000;85,1660;1;83408,9090701779;946,5676117362;EUR;;;;0,01
SYN-ILLIQ;23.05.2026;Synth Pfandbrief 4.977% v37;US0083517224;200000;85,0513;1;182245,1015450548;161,0817855115;USD;;;;0,01
SYN-ILLIQ;23.05.2026;Synth HIGH YIELD MTN 0.998% v36;US6918049757;500000;92,4275;1;510560,0342348258;6523,4185970974;USD;;;;0,01
SYN-ILLIQ;23.05.2026;Synth Senior Note 2.560% v39;US1276267760;100000;102,9646;1;109241,5603495273;1501,5994724239;USD;;;;0,01
SYN-LOANFUND;23.05.2026;Cash GBP;CASH-GBP;781061,44;1;1;660743,32;;GBP;;;;1
SYN-LOANFUND;23.05.2026;Synth Senior Note 1.087% v32;FI6955772200;100000;94,7752;1;92285,0093709835;771,6739753639;EUR;;;;0,01
SYN-LOANFUND;23.05.2026;Cash EUR;CASH-EUR;4159316,55;1;1;4136687,95;;EUR;;;;1
SYN-LOANFUND;23.05.2026;ORIGINATED LOAN SYNTH BORROWER BETA GmbH 23.05.;LOAN-SYN23.05.-25926;1000000;100,7810;1;1007809,54;;EUR;;5;;0,01
SYN-LOANFUND;23.05.2026;ORIGINATED LOAN SYNTH BORROWER GAMMA Ltd 23.05.;LOAN-SYN23.05.-27597;5000000;99,4045;1;4970225,22;;EUR;;5;;0,01
SYN-LOANFUND;23.05.2026;Synth Senior Note 6.371% v27;FI1297746420;500000;97,2946;1;474975,3543652422;3413,3045650270;EUR;;;;0,01
SYN-LOANFUND;23.05.2026;Synth Bond 6.115% v36;BE2450979083;2000000;100,2621;1;2045016,6300422261;10562,6627969790;EUR;;;;0,01
SYN-LOANFUND;23.05.2026;Cash USD;CASH-USD;3993820,59;1;1;4406661,84;;USD;;;;1
SYN-LOANFUND;23.05.2026;Synth Pfandbrief 4.083% v31;NL4556339549;2000000;92,1943;1;1808755,6561696143;22691,2333180926;EUR;;;;0,01
SYN-LOANFUND;23.05.2026;Synth MTN 2.741% v33;GB7231893946;2000000;89,7216;1;1480990,1936717897;399,8364660825;GBP;;;;0,01
SYN-LOANFUND;23.05.2026;ORIGINATED LOAN SYNTH BORROWER BETA GmbH 23.05.;LOAN-SYN23.05.-15966;5000000;99,0010;1;4950048,62;;EUR;;5;;0,01
SYN-LOANFUND;23.05.2026;Synth Note 2.663% v40;BE4922594615;2000000;102,4775;1;2048802,4485661415;36613,1220227705;EUR;;;;0,01
SYN-LOANFUND;23.05.2026;Cash USD;CASH-USD;3305697,49;1;1;3567501,90;;USD;;;;1
SYN-LOANFUND;23.05.2026;Synth Pfandbrief 4.644% v27;NL9489151069;200000;88,6291;1;181298,2299665401;2476,0320105702;EUR;;;;0,01
SYN-LOANFUND;23.05.2026;ORIGINATED LOAN SYNTH BORROWER BETA GmbH 23.05.;LOAN-SYN23.05.-49281;2000000;99,7033;1;1994065,26;;EUR;;5;;0,01
SYN-LOANFUND;23.05.2026;Cash GBP;CASH-GBP;4059559,04;1;1;3417570,62;;GBP;;;;1
SYN-LOANFUND;23.05.2026;ORIGINATED LOAN SYNTH BORROWER EPSILON SpA 23.05.;LOAN-SYN23.05.-93587;500000;96,4593;1;482296,68;;EUR;;5;;0,01
SYN-LOANFUND;23.05.2026;ORIGINATED LOAN SYNTH BORROWER BETA GmbH 23.05.;LOAN-SYN23.05.-82608;5000000;95,2934;1;4764671,80;;EUR;;5;;0,01
SYN-LOANFUND;23.05.2026;Synth MTN 1.947% v41;GB9237513281;1000000;100,7133;1;853541,4856751453;5320,3512176914;GBP;;;;0,01
SYN-LOANFUND;23.05.2026;Synth Bond 5.332% v39;AT6439767088;100000;87,9233;1;87948,6516817836;1395,8304794161;EUR;;;;0,01
SYN-LOANFUND;23.05.2026;Synth Bond 2.443% v37;DE4104934197;100000;102,8173;1;99976,7066984852;953,1748277623;EUR;;;;0,01
SYN-LOANFUND;23.05.2026;Synth Note 2.482% v28;ES8935121860;200000;90,4225;1;182281,0530740724;1277,0899532008;EUR;;;;0,01
SYN-LOANFUND;23.05.2026;ORIGINATED LOAN SYNTH BORROWER DELTA NV 23.05.;LOAN-SYN23.05.-84373;1000000;101,8407;1;1018406,51;;EUR;;5;;0,01
SYN-LOANFUND;23.05.2026;ORIGINATED LOAN SYNTH BORROWER ALPHA SA 23.05.;LOAN-SYN23.05.-80834;500000;99,9252;1;499625,97;;EUR;;5;;0,01
SYN-LOANFUND;23.05.2026;ORIGINATED LOAN SYNTH BORROWER DELTA NV 23.05.;LOAN-SYN23.05.-10042;5000000;98,3877;1;4919386,43;;EUR;;5;;0,01
SYN-LOANFUND;23.05.2026;ORIGINATED LOAN SYNTH BORROWER BETA GmbH 23.05.;LOAN-SYN23.05.-35796;5000000;96,5024;1;4825118,82;;EUR;;5;;0,01
SYN-LOANFUND;23.05.2026;ORIGINATED LOAN SYNTH BORROWER DELTA NV 23.05.;LOAN-SYN23.05.-38749;5000000;98,4888;1;4924440,79;;EUR;;5;;0,01
SYN-LOANFUND;23.05.2026;ORIGINATED LOAN SYNTH BORROWER GAMMA Ltd 23.05.;LOAN-SYN23.05.-59276;500000;95,4324;1;477162,17;;EUR;;5;;0,01
SYN-LOANFUND;23.05.2026;Cash GBP;CASH-GBP;681230,81;1;1;575825,92;;GBP;;;;1
SYN-LOANFUND;23.05.2026;ORIGINATED LOAN SYNTH BORROWER GAMMA Ltd 23.05.;LOAN-SYN23.05.-60950;5000000;99,1055;1;4955274,06;;EUR;;5;;0,01
SYN-LOANFUND;23.05.2026;ORIGINATED LOAN SYNTH BORROWER BETA GmbH 23.05.;LOAN-SYN23.05.-10402;5000000;99,9444;1;4997218,48;;EUR;;5;;0,01
SYN-LOANFUND;23.05.2026;Cash USD;CASH-USD;1274226,37;1;1;1379907,05;;USD;;;;1
SYN-LOANFUND;23.05.2026;Synth Senior Note 2.740% v38;ES2768168780;200000;85,6459;1;170539,2310735157;52,1781780583;EUR;;;;0,01
SYN-LOANFUND;23.05.2026;ORIGINATED LOAN SYNTH BORROWER BETA GmbH 23.05.;LOAN-SYN23.05.-10009;21538894;99,6902;1;21472160,64;;EUR;;5;;0,01
SYN-LEVERAGED;23.05.2026;Cash GBP;CASH-GBP;2552522,54;1;1;2206088,93;;GBP;;;;1
SYN-LEVERAGED;23.05.2026;Beta Corp SA;FI3372076073;42330;321,0445;1;13745409,9895660914;;EUR;;;;1
SYN-LEVERAGED;23.05.2026;Global Orion Inc;LU6764081980;23592;421,8641;1;10218860,0601533335;;EUR;;;;1
SYN-LEVERAGED;23.05.2026;Synth Sovereign 4.656% v37;FI6117324681;100000;99,6355;1;100625,0865967235;176,8325443044;EUR;;;;0,01
SYN-LEVERAGED;23.05.2026;Orion Alpha SE;NL6119182535;192272;57,2864;1;10820767,9847640395;;EUR;;;;1
SYN-LEVERAGED;23.05.2026;Synth Republic 1.153% v41;US1089039638;200000;89,1210;1;198925,4270628940;3149,1499412786;USD;;;;0,01
SYN-LEVERAGED;23.05.2026;Corp Zeta GmbH & Co KGaA;AT1107118929;156639;313,7273;1;47752829,7864257991;;EUR;;;;1
SYN-LEVERAGED;23.05.2026;Synth Sovereign 0.614% v35;FR5585417170;500000;98,7290;1;502575,2833877504;2187,3975907096;EUR;;;;0,01
SYN-LEVERAGED;23.05.2026;Synth Sovereign 2.784% v28;IT2124469315;5000000;101,2042;1;4934028,5750471400;16656,0538778675;EUR;;;;0,01
SYN-LEVERAGED;23.05.2026;Delta Vector GmbH & Co KGaA;PT6432118908;153444;315,9037;1;47224605,9331863970;;EUR;;;;1
SYN-LEVERAGED;23.05.2026;Synth Sovereign 1.791% v28;FR0823651507;1000000;104,3417;1;1031451,3451982709;6970,6887119587;EUR;;;;0,01
SYN-LEVERAGED;23.05.2026;Synth Treasury 5.403% v37;AT2845257150;500000;99,7407;1;504165,9262918685;796,1794663395;EUR;;;;0,01
SYN-LEVERAGED;23.05.2026;Beta Delta NV;IE6679656540;141783;347,5336;1;49302163,8869354501;;EUR;;;;1
SYN-LEVERAGED;23.05.2026;Orion Zeta PLC;PT0780327534;189211;25,2895;1;4650575,5287262993;;EUR;;;;1
SYN-LEVERAGED;23.05.2026;Synth Treasury 1.810% v27;FI3668514219;1000000;93,6025;1;931053,4602306384;12330,1341070200;EUR;;;;0,01
SYN-LEVERAGED;23.05.2026;Corp Corp PLC;NL4254859649;21351;20,8392;1;435437,8171563759;;EUR;;;;1
SYN-LEVERAGED;23.05.2026;Nova Nova SE;PT0969152918;77914;415,9922;1;32550298,1044605672;;EUR;;;;1
SYN-LEVERAGED;23.05.2026;Delta Orion NV;NL2875608665;155992;55,2495;1;8499800,3950394690;;EUR;;;;1
SYN-LEVERAGED;23.05.2026;Corp Alpha Inc;IE6987102358;6097;276,2469;1;1690875,0571664218;;EUR;;;;1
SYN-LEVERAGED;23.05.2026;Alpha Nova SA;GB6390006388;190785;284,8455;1;47107378,2427207977;;GBP;;;;1
SYN-LEVERAGED;23.05.2026;Prime Zeta SA;FR5751409726;102596;262,9617;1;26329079,8702731393;;EUR;;;;1
SYN-LEVERAGED;23.05.2026;Alpha Nova AG;PT0048600798;139180;48,3488;1;6662421,3313931245;;EUR;;;;1
SYN-LEVERAGED;23.05.2026;Prime Corp PLC;CH7461144805;172449;277,1726;1;46593809,1031753793;;CHF;;;;1
SYN-LEVERAGED;23.05.2026;Vector Alpha SE;FR8494615120;139543;6,3810;1;908703,1962397591;;EUR;;;;1
SYN-LEVERAGED;23.05.2026;Synth Bundesanleihe 5.469% v39;FI7031568230;5000000;85,6193;1;4169516,5633569225;52183,1919497757;EUR;;;;0,01
SYN-LEVERAGED;23.05.2026;Global Beta SA;GB9186417068;158535;151,9733;1;19945791,5723565705;;GBP;;;;1
SYN-LEVERAGED;23.05.2026;Alpha Prime GmbH & Co KGaA;FR1453881453;131920;143,0114;1;19102571,0484816693;;EUR;;;;1
SYN-LEVERAGED;23.05.2026;Orion Corp SE;IE1868984988;30245;87,4043;1;2720968,5519240582;;EUR;;;;1
SYN-LEVERAGED;23.05.2026;Tech Delta SE;IE8337519107;141284;354,5000;1;50659659,2202360108;;EUR;;;;1
SYN-LEVERAGED;23.05.2026;Orion Alpha AG;NL9920046979;115481;465,6150;1;53922965,8815180510;;EUR;;;;1
SYN-LEVERAGED;23.05.2026;Nova Vector GmbH & Co KGaA;CH7218224775;68458;242,1845;1;16218974,4253994077;;CHF;;;;1
SYN-LEVERAGED;23.05.2026;Synth Treasury 2.799% v40;US7902099258;1000000;100,5888;1;1083101,0365863575;3886,4947414684;USD;;;;0,01
SYN-LEVERAGED;23.05.2026;Zeta Prime NV;DE9724036651;169467;292,2743;1;49019050,4709993377;;EUR;;;;1
SYN-LEVERAGED;23.05.2026;Alpha Tech SE;GB1957139696;41212;88,0107;1;3036574,5740482276;;GBP;;;;1
SYN-LEVERAGED;23.05.2026;Synth Treasury 3.740% v36;FI2590224681;2000000;99,8771;1;1979982,1607297547;34942,1046259502;EUR;;;;0,01
SYN-LEVERAGED;23.05.2026;Apex Orion PLC;US7218697352;145554;150,7275;1;23344541,1907649375;;USD;;;;1
SYN-LEVERAGED;23.05.2026;Synth Bundesanleihe 5.693% v29;FI3592964922;200000;103,2862;1;210146,0725916232;2059,6156446110;EUR;;;;0,01
SYN-LEVERAGED;23.05.2026;Apex Vector AG;CH8056001883;160736;353,3879;1;55133340,9453276098;;CHF;;;;1
SYN-LEVERAGED;23.05.2026;Delta Prime NV;NL6521186122;26048;376,5406;1;10011285,7218280155;;EUR;;;;1
SYN-LEVERAGED;23.05.2026;Delta Tech Inc;GB3718330506;24063;34,3070;1;699439,9048427616;;GBP;;;;1
SYN-LEVERAGED;23.05.2026;Tech Apex GmbH & Co KGaA;IT3279472544;137221;380,6079;1;51881546,5276883170;;EUR;;;;1
SYN-LEVERAGED;23.05.2026;Prime Corp AG;LU1656988659;179244;434,6403;1;76324469,0626186877;;EUR;;;;1
SYN-LEVERAGED;23.05.2026;Synth Republic 0.584% v28;IT4878980760;200000;92,7582;1;189711,7765233140;409,7351676241;EUR;;;;0,01
SYN-LEVERAGED;23.05.2026;Alpha Vector NV;SE1925634999;75702;218,6799;1;189107990,2092976868;;SEK;;;;1
SYN-LEVERAGED;23.05.2026;Delta Orion SE;DE1772993237;13160;171,6731;1;2272419,4728925601;;EUR;;;;1
SYN-LEVERAGED;23.05.2026;Nova Global PLC;IE6086665733;137296;133,2619;1;18652032,1810995191;;EUR;;;;1
SYN-LEVERAGED;23.05.2026;Zeta Tech AG;PT6020003988;51418;357,6713;1;18611639,1806280352;;EUR;;;;1
SYN-LEVERAGED;23.05.2026;Nova Delta PLC;IT1506112122;104445;267,5816;1;27249970,3003441207;;EUR;;;;1
SYN-LEVERAGED;23.05.2026;Corp Global GmbH & Co KGaA;LU9009303712;174162;399,2301;1;67816072,0398055911;;EUR;;;;1
SYN-LEVERAGED;23.05.2026;Prime Global PLC;NL3248790578;102196;22,7346;1;2364399,3806048506;;EUR;;;;1
SYN-LEVERAGED;23.05.2026;Alpha Nova PLC;LU2416846175;66927;51,1853;1;3386658,5581869492;;EUR;;;;1
SYN-LEVERAGED;23.05.2026;Global Global GmbH & Co KGaA;SE6776591886;42215;489,5431;1;233679240,9479709864;;SEK;;;;1
SYN-LEVERAGED;23.05.2026;Nova Tech Inc;LU5699162110;152605;134,2817;1;20058981,8827929124;;EUR;;;;1
SYN-LEVERAGED;23.05.2026;Corp Tech GmbH & Co KGaA;FR9769334450;3805;337,9219;1;1325287,7194522053;;EUR;;;;1
SYN-LEVERAGED;23.05.2026;Corp Nova NV;LU5103479393;115075;293,4647;1;33212206,1751659513;;EUR;;;;1
SYN-LEVERAGED;23.05.2026;TRS Synth Equity Index SYN 0626;TRS-SYN0626-6649;523953800;1,0000;1;-891562,24;;EUR;523953800,99;6;;1
SYN-LEVERAGED;23.05.2026;TRS Synth Equity Index SYN 0926;TRS-SYN0926-2751;868706107;1,0000;1;604920,33;;EUR;868706107,46;6;;1
SYN-LEVERAGED;23.05.2026;TRS Synth Equity Index SYN 0626;TRS-SYN0626-6796;311443742;1,0000;1;-26344,86;;EUR;311443742,93;6;;1
SYN-LEVERAGED;23.05.2026;FUTURE Synth Index 2512;FTFES/SYN0626_SYN_EUR;50;6458;1;0;;EUR;322891,25;8;;25
SYN-LEVERAGED;23.05.2026;FUTURE Synth Index 2706;FTFES/SYN0926_SYN_EUR;7;12521;1;0;;EUR;87644,35;8;;25
