portfolio,isin,ric,asset_class_hint,currency,bid,ask,bid_ask_spread_bps,adv_30d_eur,beta,modified_duration,convexity,ytm,open_interest,option_volume,credit_spread_bps,rating,amount_outstanding,fx_rate_to_eur,fetch_date,fetch_errors
SYN-LOANFUND,CASH-EUR,,cash,EUR,,,,,,,,,,,,,,1.0,2026-05-24,
SYN-EQUITY,GB2370884099,TJN.PA,listed_equity,GBP,394.1364,394.1681,0.80,1080934644,1.619553893391417,,,,,6025698,,,,1.177422,2026-05-24,
SYN-EQUITY,FI1175745392,LVGT.L,listed_equity,EUR,418.4824,418.5539,1.71,1922589467,0.814772753567146,,,,,9794378,,,,1.0,2026-05-24,
SYN-EQUITY,NL7403959801,SZLL.L,listed_equity,EUR,239.5296,239.5828,2.22,521461128,0.990011875938518,,,,,6433947,,,,1.0,2026-05-24,
SYN-EQUITY,AT4498251984,CUDNH.L,listed_equity,EUR,195.0737,195.1470,3.76,1174512666,1.464247857588196,,,,,1126184,,,,1.0,2026-05-24,
SYN-EQUITY,NL5750309884,FJLJ.SW,listed_equity,EUR,66.6289,66.6381,1.38,1956711036,0.502612934296964,,,,,9209075,,,,1.0,2026-05-24,
SYN-EQUITY,FI8951691563,FHM.MI,listed_equity,EUR,441.3819,441.4615,1.80,1211898695,1.294843775745923,,,,,8829889,,,,1.0,2026-05-24,
SYN-EQUITY,CH6451235221,USOA.DE,listed_equity,CHF,454.6354,454.6804,0.99,1822202586,1.256678559603743,,,,,4575441,,,,1.076105,2026-05-24,
SYN-EQUITY,GB2621954783,YJQ.MI,listed_equity,GBP,299.6088,299.6533,1.49,1136700956,1.019885032895663,,,,,4544309,,,,1.193259,2026-05-24,
SYN-EQUITY,LU7690438217,GOD.L,listed_equity,EUR,231.3769,231.4562,3.43,1177230560,1.439850837788918,,,,,5175398,,,,1.0,2026-05-24,
SYN-EQUITY,IE8509899817,UMZ.SW,listed_equity,EUR,101.9530,101.9738,2.04,1481133171,1.506017161346334,,,,,6170920,,,,1.0,2026-05-24,
SYN-EQUITY,IT2744995714,BBGX.PA,listed_equity,EUR,81.8803,81.9037,2.85,428318576,1.542892069518278,,,,,7043716,,,,1.0,2026-05-24,
SYN-EQUITY,ES0558190153,NKK.DE,listed_equity,EUR,77.7413,77.7554,1.80,1564254053,1.138858327482061,,,,,8803615,,,,1.0,2026-05-24,
SYN-EQUITY,US0653263214,FEPJ.DE,listed_equity,USD,122.6450,122.6615,1.35,1671295082,1.795200984888182,,,,,4375462,,,,0.923099,2026-05-24,
SYN-EQUITY,US9902298832,SWUU.AS,listed_equity,USD,60.1792,60.1927,2.25,1587280150,1.412292913296450,,,,,8177870,,,,0.914838,2026-05-24,
SYN-EQUITY,DE6591828714,MIJQ.SW,listed_equity,EUR,155.8134,155.8435,1.94,1905039138,0.567168198382186,,,,,7544047,,,,1.0,2026-05-24,
SYN-EQUITY,AT5290680314,HRDDD.AS,listed_equity,EUR,268.1718,268.2634,3.42,1905012723,1.602246160234229,,,,,3716271,,,,1.0,2026-05-24,
SYN-EQUITY,FR9610354030,JOS.AS,listed_equity,EUR,393.6534,393.7471,2.38,1319375369,1.763369250359762,,,,,2245920,,,,1.0,2026-05-24,
SYN-EQUITY,IE5897921716,WSC.PA,listed_equity,EUR,44.4080,44.4236,3.50,799369601,1.049298083926376,,,,,3795884,,,,1.0,2026-05-24,
SYN-EQUITY,SE8271882844,IRZGZ.L,listed_equity,SEK,490.3842,490.4886,2.13,1972813892,0.460877152158324,,,,,3537001,,,,0.089211,2026-05-24,
SYN-EQUITY,IT3892639591,KJCM.DE,listed_equity,EUR,308.0291,308.1433,3.71,1601474822,0.937190814868389,,,,,2262520,,,,1.0,2026-05-24,
SYN-EQUITY,US4736535270,NOJVX.PA,listed_equity,USD,436.7899,436.9332,3.28,595649909,0.906799390670127,,,,,9310706,,,,0.929665,2026-05-24,
SYN-EQUITY,CH9661956368,CEMGD.SW,listed_equity,CHF,313.5869,313.7402,4.89,751412273,1.290950546648467,,,,,5207016,,,,1.030153,2026-05-24,
SYN-EQUITY,US5483276343,BIB.DE,listed_equity,USD,16.5415,16.5468,3.23,1442650783,1.179824016336330,,,,,7910445,,,,0.943426,2026-05-24,
SYN-EQUITY,GB6609238107,AYA.MI,listed_equity,GBP,36.7911,36.8022,3.02,792291345,1.059573917620903,,,,,8387441,,,,1.169970,2026-05-24,
SYN-EQUITY,BE7331688873,XNT.SW,listed_equity,EUR,468.7107,468.8235,2.41,1679254846,1.769588947275581,,,,,509770,,,,1.0,2026-05-24,
SYN-EQUITY,BE9114553748,IIKI.L,listed_equity,EUR,64.4022,64.4310,4.47,1699748179,1.451774456891668,,,,,9206929,,,,1.0,2026-05-24,
SYN-EQUITY,FI4782742473,MZAAI.L,listed_equity,EUR,107.3008,107.3377,3.43,1845622495,0.609034256145281,,,,,4761743,,,,1.0,2026-05-24,
SYN-EQUITY,BE3124340839,EPITJ.L,listed_equity,EUR,303.7064,303.7768,2.32,693023791,0.992694253103335,,,,,5957098,,,,1.0,2026-05-24,
SYN-EQUITY,ES2388577844,ONV.SW,listed_equity,EUR,246.6365,246.7104,2.99,354744185,1.076390714833968,,,,,7786908,,,,1.0,2026-05-24,
SYN-EQUITY,IT7899595606,TVK.PA,listed_equity,EUR,404.7704,404.8571,2.14,915630971,1.419707016303731,,,,,3872738,,,,1.0,2026-05-24,
SYN-EQUITY,PT3782005931,RGGW.SW,listed_equity,EUR,419.1181,419.3038,4.43,1815997296,1.321014754614357,,,,,1414028,,,,1.0,2026-05-24,
SYN-EQUITY,LU0116526719,ISSD.AS,listed_equity,EUR,100.8357,100.8834,4.73,1933757191,1.465317421209494,,,,,2370100,,,,1.0,2026-05-24,
SYN-EQUITY,DE9593915824,QZZ.L,listed_equity,EUR,8.0449,8.0471,2.77,681661330,1.778211801669925,,,,,3802467,,,,1.0,2026-05-24,
SYN-EQUITY,GB4353881967,XYHK.AS,listed_equity,GBP,437.2594,437.3774,2.70,1042766172,0.548342185140397,,,,,8220056,,,,1.198918,2026-05-24,
SYN-EQUITY,IE9748532927,TIW.MI,listed_equity,EUR,102.4332,102.4614,2.76,1279124680,0.803779016529100,,,,,4588732,,,,1.0,2026-05-24,
SYN-EQUITY,LU3432258553,BUML.MI,listed_equity,EUR,363.8959,363.9335,1.03,1736877300,1.439906440459673,,,,,2860275,,,,1.0,2026-05-24,
SYN-EQUITY,FI6470263548,MSM.MI,listed_equity,EUR,471.3722,471.5605,3.99,654431334,1.453452573005922,,,,,8233685,,,,1.0,2026-05-24,
SYN-EQUITY,FI2211157127,SRT.SW,listed_equity,EUR,487.4335,487.5613,2.62,939015283,0.976935305922886,,,,,28439,,,,1.0,2026-05-24,
SYN-EQUITY,FR8233710022,NRQXO.DE,listed_equity,EUR,374.0782,374.1444,1.77,576648560,1.431923814118323,,,,,6617048,,,,1.0,2026-05-24,
SYN-EQUITY,FI4392810450,RVDHB.PA,listed_equity,EUR,62.7829,62.8002,2.76,330063071,0.446387500505230,,,,,9354555,,,,1.0,2026-05-24,
SYN-EQUITY,GB7672544894,XBJXG.DE,listed_equity,GBP,222.6192,222.6322,0.58,498296826,1.496544061688017,,,,,6762154,,,,1.210654,2026-05-24,
SYN-EQUITY,BE2025146404,DEMJ.SW,listed_equity,EUR,126.2468,126.3058,4.67,210077265,0.631575149311478,,,,,988686,,,,1.0,2026-05-24,
SYN-EQUITY,PT2758112122,PGVU.SW,listed_equity,EUR,233.9670,234.0062,1.67,724093014,0.996046227617310,,,,,1965334,,,,1.0,2026-05-24,
SYN-EQUITY,US9443425456,PSELZ.DE,listed_equity,USD,486.1869,486.3740,3.85,1981146431,0.641287354841962,,,,,2165197,,,,0.920296,2026-05-24,
SYN-EQUITY,LU8507857157,RBCY.L,listed_equity,EUR,249.7832,249.8501,2.68,1839126243,1.353439153344079,,,,,5142732,,,,1.0,2026-05-24,
SYN-EQUITY,FI9443114466,QGMKZ.DE,listed_equity,EUR,446.0925,446.1157,0.52,1629409859,1.318913943434602,,,,,5698208,,,,1.0,2026-05-24,
SYN-EQUITY,ES1788084059,JBRY.L,listed_equity,EUR,234.9236,235.0308,4.56,1145294250,1.785726495848702,,,,,3535812,,,,1.0,2026-05-24,
SYN-EQUITY,LU1927444413,FWU.DE,listed_equity,EUR,173.4092,173.4438,2.00,1010343575,0.982774863236675,,,,,6066272,,,,1.0,2026-05-24,
SYN-EQUITY,IE7495822597,YHUU.L,listed_equity,EUR,47.4020,47.4168,3.11,445567851,1.647941408999123,,,,,6594794,,,,1.0,2026-05-24,
SYN-EQUITY,IE5431652707,UWZCZ.L,listed_equity,EUR,364.9517,365.1112,4.37,612646369,1.152909689130134,,,,,260457,,,,1.0,2026-05-24,
SYN-EQUITY,FI9193180902,CGHK.PA,listed_equity,EUR,309.7718,309.7926,0.67,617311520,1.070090541303157,,,,,9346924,,,,1.0,2026-05-24,
SYN-EQUITY,AT3668883377,IDBMO.DE,listed_equity,EUR,184.0181,184.1017,4.55,1163386714,0.826978449204929,,,,,1820593,,,,1.0,2026-05-24,
SYN-EQUITY,PT2209771120,HKP.SW,listed_equity,EUR,22.6205,22.6287,3.65,386911618,0.474162055021399,,,,,6425828,,,,1.0,2026-05-24,
SYN-EQUITY,NL2461163649,BLGMN.L,listed_equity,EUR,327.8297,327.8801,1.54,1881129250,1.519492415321768,,,,,6037984,,,,1.0,2026-05-24,
SYN-EQUITY,DE8425099294,TAAYI.AS,listed_equity,EUR,169.9303,169.9593,1.71,791038767,1.037484316368356,,,,,7628040,,,,1.0,2026-05-24,
SYN-LOANFUND,CASH-USD,,cash,USD,,,,,,,,,,,,,,0.910151,2026-05-24,
SYN-EQUITY,SE2962567067,IGSE.DE,listed_equity,SEK,339.9860,340.0444,1.72,350271216,1.084021811471248,,,,,6896322,,,,0.086524,2026-05-24,
SYN-GOVBOND,DE8070726593,DE8070726593=,government_bond,EUR,86.617,86.640,2.60,35499560,,12.6683,1.9075,7.8651,,,6.90,AA-,1885332726,1.0,2026-05-24,
SYN-GOVBOND,IT2178678568,IT2178678568=,government_bond,EUR,101.510,101.536,2.59,12761798,,9.9667,0.9404,5.2690,,,22.35,AAA,3446782751,1.0,2026-05-24,
SYN-GOVBOND,DE1936734790,DE1936734790=,government_bond,EUR,90.870,90.883,1.48,39259288,,5.0127,0.2020,2.3672,,,16.41,A-,1620548814,1.0,2026-05-24,
SYN-GOVBOND,DE0543229039,DE0543229039=,government_bond,EUR,88.543,88.585,4.76,17264984,,7.0284,0.5085,5.8585,,,19.93,BBB,1706640932,1.0,2026-05-24,
SYN-GOVBOND,NL6388734433,NL6388734433=,government_bond,EUR,98.389,98.463,7.43,36421796,,14.5034,2.1733,6.1184,,,25.22,AAA,3564235673,1.0,2026-05-24,
SYN-GOVBOND,DE7165853266,DE7165853266=,government_bond,EUR,86.784,86.817,3.79,21348971,,14.9521,2.5720,3.9378,,,28.44,A,1475689302,1.0,2026-05-24,
SYN-GOVBOND,GB3413130487,GB3413130487=,government_bond,EUR,86.200,86.222,2.61,47677485,,8.4891,0.6506,5.1225,,,16.40,AA-,2228053052,1.0,2026-05-24,
SYN-GOVBOND,DE0819797060,DE0819797060=,government_bond,EUR,103.920,103.973,5.07,17285304,,1.0518,0.0115,1.9455,,,10.11,B,1314766754,1.0,2026-05-24,
SYN-GOVBOND,ES0809954572,ES0809954572=,government_bond,EUR,90.486,90.555,7.56,76182952,,8.1346,0.7514,3.8579,,,20.03,BB+,3344875686,1.0,2026-05-24,
SYN-GOVBOND,DE1767575243,DE1767575243=,government_bond,EUR,87.336,87.389,6.12,27832477,,9.5667,0.7581,2.2479,,,7.89,A,984218304,1.0,2026-05-24,
SYN-GOVBOND,DE9256019688,DE9256019688=,government_bond,EUR,92.964,93.035,7.67,60618116,,10.0184,0.8363,5.3790,,,7.26,BBB,2038091027,1.0,2026-05-24,
SYN-GOVBOND,DE4652804454,DE4652804454=,government_bond,EUR,96.608,96.685,7.91,64501781,,5.9547,0.3159,1.9721,,,26.19,AA,2989652619,1.0,2026-05-24,
SYN-GOVBOND,DE2044712324,DE2044712324=,government_bond,EUR,101.729,101.746,1.65,51902715,,13.9274,1.6699,2.7096,,,10.50,AA-,2466375747,1.0,2026-05-24,
SYN-GOVBOND,DE9132764744,DE9132764744=,government_bond,EUR,101.655,101.671,1.63,66712529,,1.1788,0.0165,1.8053,,,20.37,BBB+,101397114,1.0,2026-05-24,
SYN-GOVBOND,FI3212547117,FI3212547117=,government_bond,EUR,104.372,104.407,3.30,68301412,,5.9867,0.4227,1.8844,,,13.45,AAA,2112690735,1.0,2026-05-24,
SYN-GOVBOND,DE7321682165,DE7321682165=,government_bond,EUR,92.480,92.539,6.28,76622021,,3.9006,0.1371,5.6864,,,15.72,AAA,2501426916,1.0,2026-05-24,
SYN-GOVBOND,FR1364425950,FR1364425950=,government_bond,EUR,93.077,93.125,5.22,76262108,,10.6557,1.1235,5.4326,,,13.49,BBB+,3303099808,1.0,2026-05-24,
SYN-GOVBOND,US6360719714,US6360719714=,government_bond,EUR,98.144,98.197,5.40,54496198,,3.9783,0.1763,5.5934,,,8.28,AAA,1186717714,1.0,2026-05-24,
SYN-GOVBOND,DE0556938215,DE0556938215=,government_bond,EUR,94.982,95.052,7.37,59020408,,13.9012,1.7323,1.0240,,,13.12,A+,2457073521,1.0,2026-05-24,
SYN-GOVBOND,DE1693440083,DE1693440083=,government_bond,EUR,86.191,86.215,2.77,13322947,,11.9387,1.4419,3.8875,,,21.02,B+,4247104033,1.0,2026-05-24,
SYN-LEVERAGED,CASH-GBP,,cash,GBP,,,,,,,,,,,,,,1.148364,2026-05-24,
SYN-GOVBOND,DE5734091666,DE5734091666=,government_bond,EUR,98.648,98.684,3.72,50849751,,0.6986,0.0043,4.2734,,,9.81,BBB,1568457266,1.0,2026-05-24,
SYN-GOVBOND,DE2876076934,DE2876076934=,government_bond,EUR,95.753,95.791,4.00,68001636,,7.9220,0.6980,6.3122,,,10.15,A+,1241863873,1.0,2026-05-24,
SYN-GOVBOND,DE6086686149,DE6086686149=,government_bond,EUR,93.388,93.450,6.70,29898722,,7.0587,0.4141,1.2547,,,26.48,BB+,1008312734,1.0,2026-05-24,
SYN-GOVBOND,ES0145217294,ES0145217294=,government_bond,EUR,92.473,92.505,3.41,48827813,,11.1727,1.1410,3.7535,,,26.42,B,393574453,1.0,2026-05-24,
SYN-GOVBOND,DE6090217550,DE6090217550=,government_bond,EUR,100.267,100.338,7.08,12024856,,14.3194,1.7263,7.1448,,,21.55,CCC,1969640017,1.0,2026-05-24,
SYN-GOVBOND,DE9327477727,DE9327477727=,government_bond,EUR,86.831,86.881,5.70,44367719,,7.8703,0.6010,1.3708,,,27.51,AA-,3258922262,1.0,2026-05-24,
SYN-GOVBOND,DE3986872453,DE3986872453=,government_bond,EUR,97.357,97.402,4.65,57355463,,9.5172,0.8609,0.6689,,,20.92,A,2665431305,1.0,2026-05-24,
SYN-GOVBOND,AT9574403690,AT9574403690=,government_bond,EUR,98.006,98.065,6.00,16511628,,4.8333,0.2553,3.1178,,,15.03,AAA,3311274833,1.0,2026-05-24,
SYN-GOVBOND,DE7403553592,DE7403553592=,government_bond,EUR,102.717,102.736,1.88,24808645,,9.1268,0.9519,2.3051,,,22.60,A,4252885576,1.0,2026-05-24,
SYN-GOVBOND,DE6278018769,DE6278018769=,government_bond,EUR,93.385,93.412,2.93,39188430,,7.5463,0.5375,2.6884,,,19.91,BB+,1743716619,1.0,2026-05-24,
SYN-GOVBOND,DE0739696607,DE0739696607=,government_bond,EUR,90.265,90.279,1.55,71878468,,12.1622,1.7442,3.9986,,,17.68,A+,1340701443,1.0,2026-05-24,
SYN-FIXEDINC,GB9988580760,GB9988580760=,government_bond,EUR,88.866,88.924,6.56,69795249,,5.7545,0.3936,5.0431,,,22.26,AA-,1088987366,1.0,2026-05-24,
SYN-FIXEDINC,GB9484562798,GB9484562798=,government_bond,EUR,102.328,102.342,1.38,70889699,,3.6573,0.1562,7.8208,,,27.72,AA+,4147458746,1.0,2026-05-24,
SYN-FIXEDINC,DE5180621269,DE5180621269=,government_bond,EUR,89.784,89.839,6.17,68041851,,9.0125,0.9443,4.2273,,,12.50,BB,2812435190,1.0,2026-05-24,
SYN-FIXEDINC,US2939524748,US2939524748=,hy_corporate_bond,EUR,87.823,88.386,63.89,2185955,,14.3936,2.3424,7.4659,,,357.39,BBB-,1356801306,1.0,2026-05-24,
SYN-FIXEDINC,BE4520335703,BE4520335703=,ig_corporate_bond,EUR,88.524,88.622,11.15,2387636,,1.7919,0.0384,0.7427,,,90.20,BB,1436514489,1.0,2026-05-24,
SYN-FIXEDINC,US8893749360,US8893749360=,government_bond,EUR,88.375,88.412,4.13,19099794,,1.7615,0.0288,3.3634,,,13.43,AA-,1488899407,1.0,2026-05-24,
SYN-FIXEDINC,IT6348030240,IT6348030240=,government_bond,EUR,87.870,87.928,6.55,25149560,,1.4515,0.0188,7.0474,,,28.21,A-,4230618972,1.0,2026-05-24,
SYN-FIXEDINC,NL1505137413,NL1505137413=,government_bond,EUR,93.012,93.022,1.06,59018612,,1.3709,0.0154,0.7054,,,8.49,BBB,518095327,1.0,2026-05-24,
SYN-FIXEDINC,GB9128929977,GB9128929977=,government_bond,EUR,86.268,86.320,6.10,11742743,,14.6144,2.3192,3.8875,,,21.32,AAA,4244340319,1.0,2026-05-24,
SYN-FIXEDINC,AT3982177010,AT3982177010=,ig_corporate_bond,EUR,98.530,98.649,12.14,16332936,,5.9070,0.3605,2.6182,,,52.15,B,1790605446,1.0,2026-05-24,
SYN-FIXEDINC,US2566930281,US2566930281=,government_bond,EUR,94.296,94.351,5.87,35180140,,14.4487,1.8190,2.7710,,,24.34,A-,346610493,1.0,2026-05-24,
SYN-FIXEDINC,GB9602545039,GB9602545039=,government_bond,EUR,87.692,87.748,6.41,46252458,,11.2023,1.0175,6.8650,,,12.45,BB+,302814438,1.0,2026-05-24,
SYN-FIXEDINC,US6970357310,US6970357310=,government_bond,EUR,102.900,102.953,5.13,75734259,,7.3494,0.4390,6.8052,,,15.19,BBB-,3160372168,1.0,2026-05-24,
SYN-FIXEDINC,GB0171451824,GB0171451824=,ig_corporate_bond,EUR,85.933,86.217,33.03,11282214,,5.7555,0.3491,4.3536,,,142.22,AA-,1583063167,1.0,2026-05-24,
SYN-FIXEDINC,ES8955748039,ES8955748039=,government_bond,EUR,90.106,90.117,1.25,50178646,,2.1372,0.0479,1.1005,,,29.67,AA+,1746048519,1.0,2026-05-24,
SYN-FIXEDINC,DE0490903583,DE0490903583=,government_bond,EUR,87.014,87.084,8.00,76903581,,13.1399,2.0551,7.2079,,,24.34,AA+,841232201,1.0,2026-05-24,
SYN-FIXEDINC,FI1164698779,FI1164698779=,hy_corporate_bond,EUR,99.318,100.443,112.66,4743887,,8.0807,0.7774,2.6634,,,358.63,A,360708004,1.0,2026-05-24,
SYN-FIXEDINC,FR4725620289,FR4725620289=,government_bond,EUR,89.355,89.369,1.60,45411944,,13.5087,2.1587,3.6457,,,22.84,B+,3056850229,1.0,2026-05-24,
SYN-FIXEDINC,FR6537937837,FR6537937837=,government_bond,EUR,99.044,99.056,1.12,12983876,,14.4135,2.2324,6.3544,,,29.43,AAA,3916852271,1.0,2026-05-24,
SYN-FIXEDINC,ES4550779151,ES4550779151=,ig_corporate_bond,EUR,90.705,90.932,25.01,1954884,,13.8188,1.7540,4.0828,,,129.11,CCC,3621851105,1.0,2026-05-24,
SYN-FIXEDINC,DE9665702746,DE9665702746=,government_bond,EUR,88.264,88.319,6.25,26168654,,7.0724,0.4832,4.9055,,,18.01,AA+,1601585682,1.0,2026-05-24,
SYN-FIXEDINC,AT0754882820,AT0754882820=,government_bond,EUR,99.991,100.041,5.03,12770962,,12.4853,1.5444,7.2353,,,14.93,AA,1567289140,1.0,2026-05-24,
SYN-FIXEDINC,IT6957854451,IT6957854451=,government_bond,EUR,102.569,102.631,6.03,46525128,,8.9248,0.7587,4.7473,,,26.49,BBB-,2683859547,1.0,2026-05-24,
SYN-FIXEDINC,US4195367764,US4195367764=,government_bond,EUR,101.482,101.561,7.75,25086722,,11.6967,1.1302,2.8526,,,16.27,BB+,1386384367,1.0,2026-05-24,
SYN-FIXEDINC,US3315142869,US3315142869=,government_bond,EUR,87.383,87.444,7.00,75537356,,3.8186,0.1459,2.6179,,,19.05,BB+,3148981642,1.0,2026-05-24,
SYN-FIXEDINC,IT2303284462,IT2303284462=,government_bond,EUR,85.486,85.517,3.63,52240199,,14.3556,2.4422,6.9068,,,12.58,BBB,4769339241,1.0,2026-05-24,
SYN-FIXEDINC,DE7982089033,DE7982089033=,government_bond,EUR,88.318,88.366,5.52,20143097,,11.0985,1.1754,4.7986,,,8.10,A+,1616255907,1.0,2026-05-24,
SYN-FIXEDINC,US6101984523,US6101984523=,government_bond,EUR,90.205,90.224,2.07,8078314,,6.5278,0.4430,3.3168,,,21.73,BBB+,2524346119,1.0,2026-05-24,
SYN-FIXEDINC,FR2483888990,FR2483888990=,government_bond,EUR,87.513,87.528,1.68,46845443,,2.9424,0.0861,6.0976,,,18.94,AA+,2799297791,1.0,2026-05-24,
SYN-FIXEDINC,FR8074287276,FR8074287276=,government_bond,EUR,99.367,99.438,7.10,73412357,,2.4727,0.0665,2.7754,,,16.15,B,2380651540,1.0,2026-05-24,
SYN-FIXEDINC,FR4521833160,FR4521833160=,government_bond,EUR,86.598,86.615,1.99,77468128,,10.7244,1.1568,6.8315,,,23.98,A+,2999657571,1.0,2026-05-24,
SYN-FIXEDINC,FI1787916282,FI1787916282=,government_bond,EUR,94.975,95.050,7.93,6225395,,8.6685,0.8240,6.7899,,,27.78,AA+,3801299029,1.0,2026-05-24,
SYN-FIXEDINC,NL5555509902,NL5555509902=,government_bond,EUR,91.561,91.577,1.67,5041692,,6.4343,0.4470,6.2952,,,14.96,BB+,3331824353,1.0,2026-05-24,
SYN-FIXEDINC,DE8631393494,DE8631393494=,hy_corporate_bond,EUR,90.370,91.593,134.48,1323664,,7.6214,0.5549,5.5431,,,257.85,AA-,1930781593,1.0,2026-05-24,
SYN-FIXEDINC,NL8806097986,NL8806097986=,hy_corporate_bond,EUR,100.049,101.846,178.07,3936382,,2.8758,0.0890,5.1120,,,281.24,B,3239515778,1.0,2026-05-24,
SYN-FIXEDINC,IT2662691377,IT2662691377=,government_bond,EUR,93.976,94.000,2.54,19185916,,12.7160,1.7113,4.8195,,,12.26,BBB+,899968699,1.0,2026-05-24,
SYN-FIXEDINC,US4235010391,US4235010391=,government_bond,EUR,103.015,103.027,1.20,39521784,,6.2190,0.3594,2.1750,,,21.54,BBB-,1344604133,1.0,2026-05-24,
SYN-FIXEDINC,DE3928642508,DE3928642508=,ig_corporate_bond,EUR,92.806,92.963,16.87,14352731,,14.9978,2.3363,5.9429,,,52.63,AA-,1218486936,1.0,2026-05-24,
SYN-FIXEDINC,ES4797332310,ES4797332310=,ig_corporate_bond,EUR,101.840,102.007,16.35,8766672,,5.8043,0.2917,0.7814,,,115.43,BBB+,225467522,1.0,2026-05-24,
SYN-FIXEDINC,FR2492010786,FR2492010786=,ig_corporate_bond,EUR,89.296,89.529,26.00,19297620,,8.3606,0.5822,2.2153,,,49.06,AAA,948719086,1.0,2026-05-24,
SYN-FIXEDINC,NL3376527326,NL3376527326=,hy_corporate_bond,EUR,94.293,95.803,158.89,2975609,,9.7037,0.7570,4.7734,,,558.14,BB,2646945699,1.0,2026-05-24,
SYN-FIXEDINC,DE4496383445,DE4496383445=,government_bond,EUR,89.140,89.196,6.34,33689341,,3.3123,0.1161,7.0024,,,27.07,AA,2014597619,1.0,2026-05-24,
SYN-FIXEDINC,ES6656587652,ES6656587652=,government_bond,EUR,95.586,95.629,4.48,48098123,,9.2979,0.8495,1.6736,,,16.51,AA+,3003098347,1.0,2026-05-24,
SYN-FIXEDINC,NL6409733139,NL6409733139=,government_bond,EUR,104.123,104.146,2.22,52946289,,7.8006,0.6924,4.5795,,,20.77,BBB+,1499390701,1.0,2026-05-24,
SYN-FIXEDINC,FR3817755449,FR3817755449=,government_bond,EUR,95.172,95.234,6.55,54625599,,10.7719,1.1693,4.8866,,,12.40,AAA,1524983293,1.0,2026-05-24,
SYN-FIXEDINC,IT6058834592,IT6058834592=,government_bond,EUR,100.557,100.610,5.31,16903661,,8.8769,0.8090,7.1589,,,15.82,BB+,952574052,1.0,2026-05-24,
SYN-FIXEDINC,DE7894613557,DE7894613557=,ig_corporate_bond,EUR,101.286,101.571,28.09,13941363,,3.1845,0.1206,3.0997,,,137.76,AA+,1853223518,1.0,2026-05-24,
SYN-FIXEDINC,ES8809632651,ES8809632651=,ig_corporate_bond,EUR,90.121,90.346,24.87,12181626,,12.2954,1.6202,3.9953,,,90.27,CCC,4292701579,1.0,2026-05-24,
SYN-FIXEDINC,FI8478028387,FI8478028387=,government_bond,EUR,87.545,87.592,5.36,32626302,,14.1697,2.2865,5.8436,,,16.53,AAA,1918580467,1.0,2026-05-24,
SYN-FIXEDINC,GB6342326854,GB6342326854=,hy_corporate_bond,EUR,91.437,92.334,97.68,1710170,,7.3472,0.4595,4.0740,,,275.43,BB,2457317570,1.0,2026-05-24,
SYN-FIXEDINC,FR6717798856,FR6717798856=,ig_corporate_bond,EUR,96.726,96.943,22.35,12366625,,9.5563,0.7497,5.7870,,,53.72,A,867823645,1.0,2026-05-24,
SYN-FIXEDINC,GB8116283371,GB8116283371=,ig_corporate_bond,EUR,90.149,90.315,18.41,9256250,,6.0257,0.4301,5.3889,,,127.50,B+,4002112268,1.0,2026-05-24,
SYN-FIXEDINC,IT5065691732,IT5065691732=,government_bond,EUR,97.335,97.369,3.55,70418094,,12.2490,1.3644,2.7155,,,14.38,A-,4430707949,1.0,2026-05-24,
SYN-FIXEDINC,BE6027932015,BE6027932015=,ig_corporate_bond,EUR,97.477,97.614,14.00,13725400,,2.0237,0.0423,4.2939,,,67.87,BBB,1206669939,1.0,2026-05-24,
SYN-FIXEDINC,BE7450802174,BE7450802174=,ig_corporate_bond,EUR,101.798,101.905,10.51,8441392,,9.0245,0.6680,6.2244,,,135.43,A,2805220840,1.0,2026-05-24,
SYN-FIXEDINC,NL4188775740,NL4188775740=,government_bond,EUR,99.724,99.803,7.90,9676027,,10.7876,1.1906,1.7204,,,15.69,BBB,1144588171,1.0,2026-05-24,
SYN-FIXEDINC,US3933038192,US3933038192=,hy_corporate_bond,EUR,87.035,88.572,175.13,2725709,,4.6482,0.2027,3.3599,,,476.31,AA+,988035388,1.0,2026-05-24,
SYN-FIXEDINC,AT0855887184,AT0855887184=,hy_corporate_bond,EUR,97.006,98.478,150.68,1610591,,8.7721,0.7776,5.3156,,,344.32,AA+,825620946,1.0,2026-05-24,
SYN-FIXEDINC,FR8162564971,FR8162564971=,hy_corporate_bond,EUR,90.868,92.422,169.63,918263,,3.9339,0.1851,5.6315,,,228.53,A+,4466190192,1.0,2026-05-24,
SYN-FIXEDINC,DE2818303607,DE2818303607=,ig_corporate_bond,EUR,86.368,86.555,21.60,14152393,,9.3818,0.9726,3.2369,,,88.28,CCC,4207356192,1.0,2026-05-24,
SYN-FIXEDINC,AT4723159183,AT4723159183=,government_bond,EUR,98.890,98.910,2.00,36241842,,14.5874,1.8183,5.6333,,,27.51,BB+,567902231,1.0,2026-05-24,
SYN-FIXEDINC,BE2141920033,BE2141920033=,ig_corporate_bond,EUR,88.948,89.148,22.45,1571729,,8.2992,0.6569,2.8252,,,93.16,AAA,1838178004,1.0,2026-05-24,
SYN-FIXEDINC,FR3042591564,FR3042591564=,government_bond,EUR,93.364,93.435,7.57,76082110,,4.7382,0.2407,3.3188,,,19.15,BBB,228925847,1.0,2026-05-24,
SYN-MIXED,DE0565635156,DE0565635156=,ig_corporate_bond,EUR,89.312,89.405,10.42,16703014,,11.4192,1.5535,3.6255,,,136.07,A,529473156,1.0,2026-05-24,
SYN-MIXED,ES4494338952,ES4494338952=,ig_corporate_bond,EUR,94.599,94.958,37.80,5290628,,11.2977,1.3222,1.5271,,,43.72,A+,4650182445,1.0,2026-05-24,
SYN-MIXED,IT6651685051,IT6651685051=,ig_corporate_bond,EUR,95.476,95.648,18.02,10830973,,7.6116,0.6391,4.9974,,,125.91,B+,179796030,1.0,2026-05-24,
SYN-MIXED,SE9350310829,ENISL.PA,listed_equity,SEK,170.1142,170.1463,1.89,1603845805,0.775381083266986,,,,,5667862,,,,0.089877,2026-05-24,
SYN-MIXED,NL9749112137,NL9749112137=,government_bond,EUR,102.046,102.098,5.04,13003365,,9.5538,1.0827,3.6532,,,14.45,CCC,838422164,1.0,2026-05-24,
SYN-MIXED,IT1092468041,IT1092468041=,ig_corporate_bond,EUR,85.845,86.015,19.78,5422153,,6.2562,0.3827,3.8103,,,74.52,BBB+,2561684714,1.0,2026-05-24,
SYN-MIXED,GB9794560780,GB9794560780=,ig_corporate_bond,EUR,103.588,103.708,11.57,5308787,,1.5016,0.0202,1.1335,,,147.43,BBB-,1316814818,1.0,2026-05-24,
SYN-MIXED,DE8890576564,DE8890576564=,hy_corporate_bond,EUR,103.094,104.636,148.43,3133736,,9.0680,0.8008,7.3621,,,298.53,BB+,3238318828,1.0,2026-05-24,
SYN-MIXED,GB1231199660,GB1231199660=,hy_corporate_bond,EUR,92.674,93.189,55.51,2040043,,6.8903,0.4848,6.1186,,,166.35,AA,1615252633,1.0,2026-05-24,
SYN-MIXED,GB8049620113,GB8049620113=,ig_corporate_bond,EUR,96.771,97.091,33.07,3699722,,8.5858,0.7088,1.6554,,,86.64,AA+,2736768467,1.0,2026-05-24,
SYN-MIXED,FR9017546920,FR9017546920=,government_bond,EUR,90.743,90.781,4.10,57013519,,11.4152,1.1071,0.7439,,,28.75,BB,3306801114,1.0,2026-05-24,
SYN-MIXED,US5116313640,US5116313640=,government_bond,EUR,89.969,89.998,3.19,46253973,,5.1079,0.2978,3.8511,,,7.29,BBB-,4300000005,1.0,2026-05-24,
SYN-MIXED,LU9293909707,IKEDK.AS,listed_equity,EUR,51.0921,51.1156,4.59,714701521,1.697110142940463,,,,,7498012,,,,1.0,2026-05-24,
SYN-MIXED,IT6897734124,IT6897734124=,ig_corporate_bond,EUR,86.477,86.807,38.04,5474419,,1.1172,0.0124,5.7136,,,67.61,A+,1140719612,1.0,2026-05-24,
SYN-MIXED,BE9881301198,GENSJ.L,listed_equity,EUR,389.3652,389.3881,0.59,1414748169,1.355224134030881,,,,,360373,,,,1.0,2026-05-24,
SYN-MIXED,FI4941663802,FI4941663802=,ig_corporate_bond,EUR,102.600,102.880,27.24,4923837,,6.8972,0.4189,6.8883,,,135.99,A-,2834574392,1.0,2026-05-24,
SYN-MIXED,FI2758733652,FI2758733652=,government_bond,EUR,84.995,85.014,2.20,63179459,,8.7487,0.8083,3.7672,,,7.26,A,3898845434,1.0,2026-05-24,
SYN-MIXED,ES8529609222,ES8529609222=,government_bond,EUR,94.419,94.473,5.74,33362109,,4.0503,0.1908,5.2708,,,16.14,AAA,3788384293,1.0,2026-05-24,
SYN-MIXED,GB6384010264,GB6384010264=,hy_corporate_bond,EUR,100.624,102.650,199.36,1100533,,4.7707,0.1856,7.6386,,,530.23,B,3979920725,1.0,2026-05-24,
SYN-MIXED,NL3375262275,NL3375262275=,ig_corporate_bond,EUR,86.352,86.595,28.05,15367286,,5.2917,0.2768,5.5777,,,58.76,BB+,1861224546,1.0,2026-05-24,
SYN-MIXED,US3778726831,US3778726831=,hy_corporate_bond,EUR,101.840,103.030,116.14,2654615,,8.8989,0.8840,2.2011,,,598.97,BBB-,4869340418,1.0,2026-05-24,
SYN-MIXED,SE7681804418,YSZ.MI,listed_equity,SEK,201.2090,201.2304,1.06,382946573,0.502602414190933,,,,,1805944,,,,0.087997,2026-05-24,
SYN-MIXED,IE8277287286,STJ.MI,listed_equity,EUR,176.6721,176.7031,1.75,1890161436,1.479045615717148,,,,,363813,,,,1.0,2026-05-24,
SYN-MIXED,ES9279221465,ES9279221465=,government_bond,EUR,100.423,100.498,7.46,65777918,,8.5747,0.6070,5.9667,,,9.93,BBB-,1171502750,1.0,2026-05-24,
SYN-MIXED,FI0205984319,FI0205984319=,government_bond,EUR,85.965,85.975,1.21,63751648,,11.5085,1.3685,7.0558,,,20.55,BBB,2479302360,1.0,2026-05-24,
SYN-MIXED,NL5943130681,NL5943130681=,government_bond,EUR,98.705,98.726,2.18,23518077,,8.8265,0.7895,1.2613,,,19.18,BBB,2758751595,1.0,2026-05-24,
SYN-MIXED,BE7988511624,IOYY.PA,listed_equity,EUR,470.9225,471.0220,2.11,912670690,1.090745182886099,,,,,3051435,,,,1.0,2026-05-24,
SYN-MIXED,BE5480235445,BE5480235445=,government_bond,EUR,87.209,87.253,4.98,73595644,,10.0958,0.8443,7.5132,,,7.74,AA,2655863531,1.0,2026-05-24,
SYN-MIXED,ES3611532447,ES3611532447=,hy_corporate_bond,EUR,102.548,103.662,108.03,4348028,,2.6058,0.0757,2.7867,,,532.89,A-,604984167,1.0,2026-05-24,
SYN-MIXED,BE2116068265,BE2116068265=,government_bond,EUR,94.160,94.207,5.02,76208504,,12.5133,1.6876,3.9977,,,12.09,BBB-,3595714770,1.0,2026-05-24,
SYN-MIXED,IE3787992301,WNKI.SW,listed_equity,EUR,61.6996,61.7030,0.55,1967258352,1.767506283095388,,,,,8300540,,,,1.0,2026-05-24,
SYN-ILLIQ,BE9100299846,BE9100299846=,ig_corporate_bond,EUR,91.806,92.145,36.87,17318294,,4.5698,0.1723,4.7022,,,79.27,CCC,1369756358,1.0,2026-05-24,
SYN-ILLIQ,NL1236516104,NL1236516104=,hy_corporate_bond,EUR,103.801,104.391,56.73,2293250,,10.9457,0.9785,2.4285,,,338.79,BBB,4226759945,1.0,2026-05-24,
SYN-ILLIQ,IT1034849230,IT1034849230=,hy_corporate_bond,EUR,93.241,93.908,71.24,1143214,,8.5095,0.7691,4.0762,,,376.30,B,1442207907,1.0,2026-05-24,
SYN-ILLIQ,US0074971623,US0074971623=,hy_corporate_bond,EUR,99.153,101.114,195.76,1436194,,10.8426,1.2979,2.0725,,,431.19,A,842178834,1.0,2026-05-24,
SYN-ILLIQ,US2114254420,US2114254420=,hy_corporate_bond,EUR,94.399,95.568,123.09,422258,,9.3984,1.0235,5.3266,,,227.70,BBB+,1540368069,1.0,2026-05-24,
SYN-ILLIQ,US2648059950,US2648059950=,hy_corporate_bond,EUR,93.907,95.786,198.12,700713,,3.4186,0.1227,2.9419,,,201.32,A,1664667566,1.0,2026-05-24,
SYN-ILLIQ,AT0209317824,AT0209317824=,hy_corporate_bond,EUR,88.320,89.648,149.24,2295074,,10.7805,1.3632,3.9011,,,404.54,B+,2451410552,1.0,2026-05-24,
SYN-ILLIQ,US7843076342,US7843076342=,hy_corporate_bond,EUR,88.458,89.197,83.24,911051,,8.6739,0.8394,2.8071,,,381.71,BBB,3249482585,1.0,2026-05-24,
SYN-ILLIQ,IT5360069348,IT5360069348=,hy_corporate_bond,EUR,101.302,102.532,120.67,930406,,8.1759,0.6327,0.8919,,,379.28,BB+,4976682063,1.0,2026-05-24,
SYN-ILLIQ,GB5726553341,GB5726553341=,hy_corporate_bond,EUR,99.198,100.818,161.98,2031137,,9.5818,0.7675,4.9213,,,230.70,BBB,4222673774,1.0,2026-05-24,
SYN-ILLIQ,BE1588663765,BE1588663765=,hy_corporate_bond,EUR,94.472,95.440,101.86,4560055,,9.1132,0.8003,1.5724,,,295.34,BB,4314746859,1.0,2026-05-24,
SYN-ILLIQ,US7526852835,US7526852835=,hy_corporate_bond,EUR,92.472,93.740,136.18,4446197,,3.9640,0.1609,2.1973,,,365.44,BBB+,1809657693,1.0,2026-05-24,
SYN-ILLIQ,US6586763704,US6586763704=,hy_corporate_bond,EUR,97.803,98.858,107.25,1750870,,12.0235,1.7323,4.5354,,,571.44,B,1033864289,1.0,2026-05-24,
SYN-ILLIQ,FR8438539454,FR8438539454=,hy_corporate_bond,EUR,100.988,102.273,126.48,4020456,,3.2424,0.1169,6.6091,,,310.86,BBB,3779035424,1.0,2026-05-24,
SYN-ILLIQ,US7504064032,US7504064032=,hy_corporate_bond,EUR,85.189,86.436,145.32,878097,,12.4166,1.3597,1.2555,,,247.53,BB,3604065213,1.0,2026-05-24,
SYN-ILLIQ,BE8408176481,BE8408176481=,hy_corporate_bond,EUR,95.738,96.692,99.14,2260960,,4.5769,0.2406,1.8803,,,484.54,BB,120848353,1.0,2026-05-24,
SYN-ILLIQ,US4953611697,US4953611697=,hy_corporate_bond,EUR,98.322,100.064,175.61,935514,,8.6974,0.7827,2.6040,,,487.38,A,649715549,1.0,2026-05-24,
SYN-ILLIQ,IT3732719528,IT3732719528=,hy_corporate_bond,EUR,91.764,92.537,83.79,1636837,,1.5115,0.0257,0.5231,,,390.45,B+,168851498,1.0,2026-05-24,
SYN-ILLIQ,US7660198789,US7660198789=,ig_corporate_bond,EUR,85.992,86.265,31.63,17072423,,8.7889,0.6383,6.6897,,,149.64,A-,2435286816,1.0,2026-05-24,
SYN-ILLIQ,US2507870445,US2507870445=,hy_corporate_bond,EUR,97.715,98.854,115.90,3332999,,4.9619,0.1997,7.5536,,,383.29,B,2507890828,1.0,2026-05-24,
SYN-ILLIQ,US0604845914,US0604845914=,hy_corporate_bond,EUR,99.287,101.137,184.58,383725,,1.7881,0.0366,0.9390,,,564.26,BB,4656133450,1.0,2026-05-24,
SYN-ILLIQ,FI6139980337,FI6139980337=,hy_corporate_bond,EUR,86.328,87.514,136.37,929959,,6.7566,0.4099,4.0588,,,416.79,BBB,2317541000,1.0,2026-05-24,
SYN-ILLIQ,US8685572324,US8685572324=,ig_corporate_bond,EUR,104.862,105.010,14.12,9847656,,3.1446,0.1027,0.6691,,,101.43,BBB-,2932445032,1.0,2026-05-24,
SYN-ILLIQ,ES8018447005,ES8018447005=,hy_corporate_bond,EUR,102.202,103.029,80.62,557593,,13.2071,1.8986,5.4461,,,204.93,B,979750993,1.0,2026-05-24,
SYN-ILLIQ,US1141713814,US1141713814=,hy_corporate_bond,EUR,99.309,100.276,96.93,4862439,,4.2216,0.1780,2.5945,,,321.73,A+,4147207087,1.0,2026-05-24,
SYN-ILLIQ,US1759237120,US1759237120=,hy_corporate_bond,EUR,87.903,88.985,122.34,3500430,,2.5637,0.0688,7.9536,,,191.28,AA+,1008884486,1.0,2026-05-24,
SYN-ILLIQ,US1608715506,US1608715506=,hy_corporate_bond,EUR,98.382,99.349,97.79,1949925,,1.3162,0.0183,6.2876,,,237.88,BBB+,1948558470,1.0,2026-05-24,
SYN-ILLIQ,US5509813090,US5509813090=,ig_corporate_bond,EUR,91.737,91.946,22.71,10946400,,12.9611,1.7363,4.9676,,,106.69,BB,100112423,1.0,2026-05-24,
SYN-ILLIQ,GB0972288884,GB0972288884=,hy_corporate_bond,EUR,96.962,98.724,180.01,3317486,,8.6642,0.6690,3.2607,,,481.62,CCC,3709102976,1.0,2026-05-24,
SYN-ILLIQ,BE7874721967,BE7874721967=,hy_corporate_bond,EUR,91.523,92.325,87.27,4811172,,12.1097,1.2646,7.9401,,,210.45,B+,2579626318,1.0,2026-05-24,
SYN-ILLIQ,US7086215006,US7086215006=,hy_corporate_bond,EUR,103.985,105.166,112.96,975640,,0.8235,0.0074,5.5105,,,466.22,BBB+,2290984197,1.0,2026-05-24,
SYN-ILLIQ,US2501947478,US2501947478=,hy_corporate_bond,EUR,86.877,87.972,125.28,882927,,4.0965,0.1811,3.0774,,,509.32,BBB-,3076389077,1.0,2026-05-24,
SYN-ILLIQ,DE4101890481,DE4101890481=,hy_corporate_bond,EUR,94.844,95.966,117.54,555775,,8.7765,0.7396,4.4617,,,485.44,BBB,171050265,1.0,2026-05-24,
SYN-ILLIQ,GB7118516531,GB7118516531=,ig_corporate_bond,EUR,94.168,94.265,10.25,18795950,,3.8870,0.1751,1.0699,,,46.99,BB+,3236746768,1.0,2026-05-24,
SYN-ILLIQ,BE9957327095,BE9957327095=,ig_corporate_bond,EUR,101.469,101.846,37.08,19072767,,12.4124,1.5655,4.3521,,,121.38,AA+,4351266391,1.0,2026-05-24,
SYN-ILLIQ,US0923516179,US0923516179=,hy_corporate_bond,EUR,89.748,90.285,59.59,3304938,,14.9131,2.4090,6.1875,,,576.06,AA,2960541256,1.0,2026-05-24,
SYN-ILLIQ,NL7077657559,NL7077657559=,hy_corporate_bond,EUR,85.506,86.719,140.79,587935,,3.6370,0.1213,1.1684,,,165.11,AA,3496632832,1.0,2026-05-24,
SYN-ILLIQ,AT6955479476,AT6955479476=,hy_corporate_bond,EUR,100.752,101.971,120.26,1167912,,10.8693,1.2515,3.3981,,,401.57,BBB+,2830169621,1.0,2026-05-24,
SYN-ILLIQ,BE7768037708,BE7768037708=,hy_corporate_bond,EUR,85.964,86.780,94.41,212698,,3.7900,0.1327,1.1448,,,252.72,AA-,408440063,1.0,2026-05-24,
SYN-ILLIQ,ES5338646772,ES5338646772=,hy_corporate_bond,EUR,93.419,95.254,194.56,2033916,,8.3113,0.5596,6.4150,,,547.37,CCC,3921108666,1.0,2026-05-24,
SYN-ILLIQ,ES6882855028,ES6882855028=,hy_corporate_bond,EUR,89.417,90.038,69.16,2869116,,10.8401,1.1146,4.2948,,,237.75,BBB,171644108,1.0,2026-05-24,
SYN-ILLIQ,US0162631229,US0162631229=,hy_corporate_bond,EUR,91.955,93.279,142.97,3177355,,11.8404,1.6167,3.4624,,,275.87,B,837283473,1.0,2026-05-24,
SYN-ILLIQ,FR6673669430,FR6673669430=,hy_corporate_bond,EUR,89.239,90.958,190.78,3313124,,11.3214,1.0297,5.6196,,,464.93,A-,4440513546,1.0,2026-05-24,
SYN-ILLIQ,US0138536642,US0138536642=,ig_corporate_bond,EUR,97.321,97.576,26.16,17379224,,8.3665,0.7467,3.9271,,,71.80,AA-,1008115189,1.0,2026-05-24,
SYN-ILLIQ,ES1106092782,ES1106092782=,hy_corporate_bond,EUR,91.506,92.295,85.88,933657,,11.3394,1.4704,1.3401,,,376.82,BBB+,847326018,1.0,2026-05-24,
SYN-ILLIQ,US9285861307,US9285861307=,hy_corporate_bond,EUR,94.347,95.246,94.83,1166875,,14.2956,2.0433,6.6925,,,183.81,A,3181169214,1.0,2026-05-24,
SYN-ILLIQ,BE7407773609,BE7407773609=,hy_corporate_bond,EUR,91.181,92.034,93.13,1462764,,5.3309,0.2854,0.7349,,,365.85,BB+,3925302745,1.0,2026-05-24,
SYN-ILLIQ,US5658861650,US5658861650=,hy_corporate_bond,EUR,95.838,97.761,198.64,2121320,,13.7022,1.5207,3.2173,,,281.16,B+,2335588315,1.0,2026-05-24,
SYN-ILLIQ,NL5549668695,NL5549668695=,hy_corporate_bond,EUR,101.199,101.908,69.81,3722335,,2.6131,0.0552,1.2955,,,179.56,A+,4356921360,1.0,2026-05-24,
SYN-ILLIQ,NL0988191214,NL0988191214=,hy_corporate_bond,EUR,99.972,101.947,195.61,1371700,,10.6123,1.2926,7.3975,,,323.30,BB+,3162074154,1.0,2026-05-24,
SYN-ILLIQ,FR4258359090,FR4258359090=,hy_corporate_bond,EUR,86.484,88.158,191.70,4265045,,4.6647,0.2079,1.8985,,,508.51,B+,1106848540,1.0,2026-05-24,
SYN-ILLIQ,FI8746685676,FI8746685676=,hy_corporate_bond,EUR,100.001,101.591,157.79,857731,,9.9607,1.1675,6.3911,,,362.39,AA,2556626930,1.0,2026-05-24,
SYN-ILLIQ,US0083517224,US0083517224=,ig_corporate_bond,EUR,85.301,85.538,27.78,5281004,,10.3922,1.0478,0.9905,,,83.14,B+,3636181237,1.0,2026-05-24,
SYN-ILLIQ,US6918049757,US6918049757=,hy_corporate_bond,EUR,100.000,100.941,93.72,2722990,,4.9097,0.1998,6.5068,,,180.19,A,4534680783,1.0,2026-05-24,
SYN-ILLIQ,US1276267760,US1276267760=,ig_corporate_bond,EUR,100.764,100.943,17.74,14440988,,8.0477,0.7314,4.1364,,,97.82,A-,489518329,1.0,2026-05-24,
SYN-LOANFUND,FI6955772200,FI6955772200=,ig_corporate_bond,EUR,103.384,103.556,16.61,14277617,,4.6461,0.2383,5.3122,,,49.50,B,2915395231,1.0,2026-05-24,
SYN-LOANFUND,LOAN-SYN24.05.-25926,,originated_loan,EUR,,,,,,4.06,,0.056,,,205,B-,,1.0,2026-05-24,
SYN-LOANFUND,LOAN-SYN24.05.-27597,,originated_loan,EUR,,,,,,2.12,,0.0699,,,693,B,,1.0,2026-05-24,
SYN-LOANFUND,FI1297746420,FI1297746420=,ig_corporate_bond,EUR,96.510,96.627,12.09,7029070,,9.7533,1.0660,6.4482,,,36.65,B+,660634293,1.0,2026-05-24,
SYN-LOANFUND,BE2450979083,BE2450979083=,ig_corporate_bond,EUR,102.525,102.891,35.69,10162168,,13.2603,1.4858,4.2091,,,46.39,BB+,4276503838,1.0,2026-05-24,
SYN-LOANFUND,NL4556339549,NL4556339549=,ig_corporate_bond,EUR,89.655,89.977,35.79,16277119,,11.3285,1.2059,6.4635,,,91.68,AAA,3522753921,1.0,2026-05-24,
SYN-LOANFUND,GB7231893946,GB7231893946=,ig_corporate_bond,EUR,89.292,89.545,28.25,14781014,,13.4473,2.1520,1.9019,,,141.99,BB,2945679951,1.0,2026-05-24,
SYN-LOANFUND,LOAN-SYN24.05.-15966,,originated_loan,EUR,,,,,,1.15,,0.0663,,,762,CCC+,,1.0,2026-05-24,
SYN-LOANFUND,BE4922594615,BE4922594615=,ig_corporate_bond,EUR,94.715,94.977,27.58,18193819,,4.4647,0.2173,7.6069,,,126.37,A,343662343,1.0,2026-05-24,
SYN-LOANFUND,NL9489151069,NL9489151069=,ig_corporate_bond,EUR,88.493,88.807,35.35,10289214,,11.4436,1.0851,6.3580,,,86.32,B+,1648022488,1.0,2026-05-24,
SYN-LOANFUND,LOAN-SYN24.05.-49281,,originated_loan,EUR,,,,,,2.64,,0.0929,,,469,B,,1.0,2026-05-24,
SYN-LOANFUND,LOAN-SYN24.05.-93587,,originated_loan,EUR,,,,,,3.33,,0.0567,,,601,CCC+,,1.0,2026-05-24,
SYN-LOANFUND,LOAN-SYN24.05.-82608,,originated_loan,EUR,,,,,,2.82,,0.0477,,,492,B+,,1.0,2026-05-24,
SYN-LOANFUND,GB9237513281,GB9237513281=,ig_corporate_bond,EUR,93.573,93.802,24.36,2034690,,14.0829,2.3106,6.2407,,,69.65,AA,3758081413,1.0,2026-05-24,
SYN-LOANFUND,AT6439767088,AT6439767088=,ig_corporate_bond,EUR,102.803,103.030,22.06,15289130,,3.1213,0.1060,3.9005,,,103.20,BB+,4271323227,1.0,2026-05-24,
SYN-LOANFUND,DE4104934197,DE4104934197=,ig_corporate_bond,EUR,97.054,97.314,26.76,16662929,,14.4987,2.3026,5.6031,,,87.48,BB,973619116,1.0,2026-05-24,
SYN-LOANFUND,ES8935121860,ES8935121860=,ig_corporate_bond,EUR,92.479,92.736,27.80,3323037,,7.3428,0.4367,2.2055,,,38.03,AA,4734641413,1.0,2026-05-24,
SYN-LOANFUND,LOAN-SYN24.05.-84373,,originated_loan,EUR,,,,,,4.55,,0.1079,,,438,CCC+,,1.0,2026-05-24,
SYN-LOANFUND,LOAN-SYN24.05.-80834,,originated_loan,EUR,,,,,,2.28,,0.0873,,,589,B,,1.0,2026-05-24,
SYN-LOANFUND,LOAN-SYN24.05.-10042,,originated_loan,EUR,,,,,,4.48,,0.0482,,,279,CCC+,,1.0,2026-05-24,
SYN-LOANFUND,LOAN-SYN24.05.-35796,,originated_loan,EUR,,,,,,4.03,,0.0845,,,659,CCC+,,1.0,2026-05-24,
SYN-LOANFUND,LOAN-SYN24.05.-38749,,originated_loan,EUR,,,,,,2.88,,0.0982,,,592,B+,,1.0,2026-05-24,
SYN-LOANFUND,LOAN-SYN24.05.-59276,,originated_loan,EUR,,,,,,1.13,,0.1153,,,372,B-,,1.0,2026-05-24,
SYN-LOANFUND,LOAN-SYN24.05.-60950,,originated_loan,EUR,,,,,,2.6,,0.1111,,,433,CCC+,,1.0,2026-05-24,
SYN-LOANFUND,LOAN-SYN24.05.-10402,,originated_loan,EUR,,,,,,2.51,,0.0736,,,397,B,,1.0,2026-05-24,
SYN-LOANFUND,ES2768168780,ES2768168780=,ig_corporate_bond,EUR,104.789,104.980,18.20,1741667,,5.5147,0.2639,7.0972,,,115.97,A,1399428654,1.0,2026-05-24,
SYN-LOANFUND,LOAN-SYN24.05.-10009,,originated_loan,EUR,,,,,,4.99,,0.1187,,,542,CCC+,,1.0,2026-05-24,
SYN-LEVERAGED,FI3372076073,JLBA.DE,listed_equity,EUR,276.1454,276.2602,4.16,362580859,1.059832902255498,,,,,7374600,,,,1.0,2026-05-24,
SYN-LEVERAGED,LU6764081980,OWZD.SW,listed_equity,EUR,265.3857,265.4473,2.32,1081702137,0.686331365882842,,,,,6140082,,,,1.0,2026-05-24,
SYN-LEVERAGED,FI6117324681,FI6117324681=,government_bond,EUR,94.356,94.385,3.08,70777023,,0.5237,0.0026,4.6761,,,6.10,B,1276657398,1.0,2026-05-24,
SYN-LEVERAGED,NL6119182535,CSNC.L,listed_equity,EUR,35.3834,35.3885,1.44,1264542540,0.536836788846534,,,,,982058,,,,1.0,2026-05-24,
SYN-LEVERAGED,US1089039638,US1089039638=,government_bond,EUR,93.039,93.108,7.40,58932865,,0.6616,0.0051,4.1710,,,18.92,BBB-,1984926324,1.0,2026-05-24,
SYN-LEVERAGED,AT1107118929,XUDHS.AS,listed_equity,EUR,407.6827,407.8549,4.22,1575469679,0.948241851343028,,,,,8516915,,,,1.0,2026-05-24,
SYN-LEVERAGED,FR5585417170,FR5585417170=,government_bond,EUR,103.253,103.334,7.92,12045756,,14.0684,2.1432,6.8227,,,14.78,B+,3171832187,1.0,2026-05-24,
SYN-LEVERAGED,IT2124469315,IT2124469315=,government_bond,EUR,96.398,96.459,6.37,20169984,,8.3860,0.6382,5.4313,,,7.16,BBB+,3316718925,1.0,2026-05-24,
SYN-LEVERAGED,PT6432118908,QLE.SW,listed_equity,EUR,246.8387,246.8731,1.39,308621777,1.779933416924775,,,,,9937557,,,,1.0,2026-05-24,
SYN-LEVERAGED,FR0823651507,FR0823651507=,government_bond,EUR,91.014,91.066,5.70,74138400,,3.0837,0.1030,4.3785,,,6.46,BBB,3136653974,1.0,2026-05-24,
SYN-LEVERAGED,AT2845257150,AT2845257150=,government_bond,EUR,94.419,94.456,3.94,60575728,,0.8022,0.0071,0.5424,,,29.62,AAA,3019573541,1.0,2026-05-24,
SYN-LEVERAGED,IE6679656540,JHBHJ.DE,listed_equity,EUR,74.3574,74.3900,4.39,1015029992,1.133476072625361,,,,,5960488,,,,1.0,2026-05-24,
SYN-LEVERAGED,PT0780327534,FWKFQ.L,listed_equity,EUR,102.1176,102.1437,2.55,1962018066,1.155182842979747,,,,,2685610,,,,1.0,2026-05-24,
SYN-LEVERAGED,FI3668514219,FI3668514219=,government_bond,EUR,95.828,95.883,5.76,62513087,,14.4961,2.3016,4.5012,,,11.68,A+,2149984167,1.0,2026-05-24,
SYN-LEVERAGED,NL4254859649,NLAU.L,listed_equity,EUR,259.0726,259.1032,1.18,1565311964,1.229198049665681,,,,,8464675,,,,1.0,2026-05-24,
SYN-LEVERAGED,PT0969152918,JMOHO.SW,listed_equity,EUR,94.5741,94.5814,0.77,842893780,1.042431774311987,,,,,4260387,,,,1.0,2026-05-24,
SYN-LEVERAGED,NL2875608665,QSGE.DE,listed_equity,EUR,221.4336,221.5383,4.73,676701482,1.083876991574216,,,,,6890995,,,,1.0,2026-05-24,
SYN-LEVERAGED,IE6987102358,YPU.PA,listed_equity,EUR,397.3355,397.4825,3.70,1207905185,0.402951848603491,,,,,2802208,,,,1.0,2026-05-24,
SYN-LEVERAGED,GB6390006388,XOCRI.AS,listed_equity,GBP,363.0881,363.2289,3.88,273387223,1.426389572861234,,,,,880491,,,,1.187846,2026-05-24,
SYN-LEVERAGED,FR5751409726,ZIJQ.DE,listed_equity,EUR,347.5466,347.5697,0.66,412921699,1.700559170906758,,,,,2534680,,,,1.0,2026-05-24,
SYN-LEVERAGED,PT0048600798,OMA.MI,listed_equity,EUR,9.2254,9.2272,1.90,1524316517,1.755932755467189,,,,,9282493,,,,1.0,2026-05-24,
SYN-LEVERAGED,CH7461144805,NRHRN.MI,listed_equity,CHF,128.7518,128.7945,3.32,1642625339,1.625985767736714,,,,,3645092,,,,1.021634,2026-05-24,
SYN-LEVERAGED,FR8494615120,WOBXB.MI,listed_equity,EUR,173.3085,173.3423,1.95,524426261,0.757362175741142,,,,,9644768,,,,1.0,2026-05-24,
SYN-LEVERAGED,FI7031568230,FI7031568230=,government_bond,EUR,90.283,90.339,6.18,57216833,,1.2715,0.0166,0.6649,,,18.96,AA+,4832350018,1.0,2026-05-24,
SYN-LEVERAGED,GB9186417068,YRW.MI,listed_equity,GBP,179.6296,179.6969,3.75,1320281046,1.060934633889006,,,,,9537905,,,,1.162273,2026-05-24,
SYN-LEVERAGED,FR1453881453,CJATS.AS,listed_equity,EUR,391.7574,391.9340,4.51,975662040,0.456122164209531,,,,,8843700,,,,1.0,2026-05-24,
SYN-LEVERAGED,IE1868984988,ZAC.SW,listed_equity,EUR,75.8858,75.9171,4.13,958343199,0.763433220863610,,,,,8511200,,,,1.0,2026-05-24,
SYN-LEVERAGED,IE8337519107,TKK.SW,listed_equity,EUR,296.8837,296.9084,0.83,1586871951,0.932048512196140,,,,,4058371,,,,1.0,2026-05-24,
SYN-LEVERAGED,NL9920046979,MZZR.PA,listed_equity,EUR,238.1279,238.1941,2.78,1398933666,1.633324193192878,,,,,7711868,,,,1.0,2026-05-24,
SYN-LEVERAGED,CH7218224775,UIVSJ.L,listed_equity,CHF,222.0650,222.1697,4.71,1171189089,1.431173323390791,,,,,738350,,,,1.023732,2026-05-24,
SYN-LEVERAGED,US7902099258,US7902099258=,government_bond,EUR,94.815,94.857,4.41,19621417,,6.9940,0.4288,7.6544,,,10.89,BBB-,4862595605,1.0,2026-05-24,
SYN-LEVERAGED,DE9724036651,XZG.SW,listed_equity,EUR,293.8895,294.0105,4.12,1182286252,1.398993465372078,,,,,3945354,,,,1.0,2026-05-24,
SYN-LEVERAGED,GB1957139696,XJMG.AS,listed_equity,GBP,328.0848,328.1600,2.29,605389215,1.105252711889301,,,,,3047094,,,,1.146728,2026-05-24,
SYN-LEVERAGED,FI2590224681,FI2590224681=,government_bond,EUR,96.833,96.864,3.23,46773635,,5.8138,0.3821,7.8722,,,16.82,AAA,154288918,1.0,2026-05-24,
SYN-LEVERAGED,US7218697352,YSLAS.MI,listed_equity,USD,437.8882,437.9877,2.27,1559319301,0.465032543812964,,,,,5403004,,,,0.933697,2026-05-24,
SYN-LEVERAGED,FI3592964922,FI3592964922=,government_bond,EUR,88.421,88.465,4.93,52544856,,10.0652,0.8719,0.5168,,,20.88,BB,4361541873,1.0,2026-05-24,
SYN-LEVERAGED,CH8056001883,ZPSL.DE,listed_equity,CHF,116.7126,116.7703,4.94,617357713,1.714083969788925,,,,,4758726,,,,1.035971,2026-05-24,
SYN-LEVERAGED,NL6521186122,ULB.PA,listed_equity,EUR,274.0511,274.0716,0.75,677934400,1.672030784499417,,,,,2310407,,,,1.0,2026-05-24,
SYN-LEVERAGED,GB3718330506,LOY.PA,listed_equity,GBP,148.1818,148.2250,2.92,1181041667,0.500970638522391,,,,,4615893,,,,1.197966,2026-05-24,
SYN-LEVERAGED,IT3279472544,YGXJ.L,listed_equity,EUR,363.2417,363.4120,4.69,1815297438,0.776500758133164,,,,,2689964,,,,1.0,2026-05-24,
SYN-LEVERAGED,LU1656988659,JLQ.AS,listed_equity,EUR,158.1910,158.2118,1.32,1433663211,1.042727730532821,,,,,8665663,,,,1.0,2026-05-24,
SYN-LEVERAGED,SE1925634999,QZU.L,listed_equity,SEK,486.5296,486.6948,3.39,1428548864,0.834078981274942,,,,,2016594,,,,0.087213,2026-05-24,
SYN-LEVERAGED,DE1772993237,PWR.L,listed_equity,EUR,47.9199,47.9330,2.73,1432299544,0.504750448947694,,,,,8164663,,,,1.0,2026-05-24,
SYN-LEVERAGED,IE6086665733,VJR.PA,listed_equity,EUR,127.6524,127.6880,2.79,1384313410,1.199952926418864,,,,,9134879,,,,1.0,2026-05-24,
SYN-LEVERAGED,PT6020003988,TDK.PA,listed_equity,EUR,497.4614,497.5049,0.87,581452404,1.157738342273779,,,,,4414167,,,,1.0,2026-05-24,
SYN-LEVERAGED,IT1506112122,RDV.MI,listed_equity,EUR,316.5535,316.6037,1.59,1669429984,0.899076197984479,,,,,3556147,,,,1.0,2026-05-24,
SYN-LEVERAGED,LU9009303712,LEQ.AS,listed_equity,EUR,375.7904,375.9443,4.09,1537478036,0.692116365976439,,,,,7046505,,,,1.0,2026-05-24,
SYN-LEVERAGED,NL3248790578,YIX.AS,listed_equity,EUR,313.1283,313.2832,4.94,1846288481,0.817323175591407,,,,,8858410,,,,1.0,2026-05-24,
SYN-LEVERAGED,LU2416846175,NAK.DE,listed_equity,EUR,7.3188,7.3210,3.04,1610270220,1.059406536224242,,,,,452521,,,,1.0,2026-05-24,
SYN-LEVERAGED,SE6776591886,WWC.AS,listed_equity,SEK,343.0832,343.1911,3.14,800577398,1.560423033298914,,,,,5820595,,,,0.086892,2026-05-24,
SYN-LEVERAGED,LU5699162110,SSA.L,listed_equity,EUR,183.7035,183.7369,1.82,210059066,0.575634757139841,,,,,3201217,,,,1.0,2026-05-24,
SYN-LEVERAGED,FR9769334450,LBL.DE,listed_equity,EUR,85.6151,85.6309,1.85,285461450,0.507413962958530,,,,,832661,,,,1.0,2026-05-24,
SYN-LEVERAGED,LU5103479393,PMLK.SW,listed_equity,EUR,8.5371,8.5382,1.36,1310010468,0.437987984190164,,,,,217906,,,,1.0,2026-05-24,
